Data_Rebal,Ticker,Peso,Regime
2015-01-02,NUTR3,0.025088906058918482,1
2015-01-02,AMZO34,0.025242634395037017,1
2015-01-02,TEKA3,0.0006717982103604871,1
2015-01-02,BRKM5,0.0,1
2015-01-02,AXPB34,0.043424200558198754,1
2015-01-02,CTGP34,0.04517512554891377,1
2015-01-02,JPMC34,0.07087430619558382,1
2015-01-02,TKNO4,0.0,1
2015-01-02,ANIM3,0.07230392672851567,1
2015-01-02,SEER3,0.0,1
2015-01-02,MAPT4,0.0,1
2015-01-02,ORCL34,0.07739752899273072,1
2015-01-02,CATP34,0.09662177873400885,1
2015-01-02,PINE4,0.0,1
2015-01-02,KEPL3,0.0815948233586808,1
2015-01-02,M1TA34,0.09837621919105256,1
2015-01-02,TPIS3,0.0,1
2015-01-02,TELB3,0.0,1
2015-01-02,FLRY3,0.0,1
2015-01-02,ISAE3,0.08616854237034317,1
2015-01-02,EZTC3,0.0,1
2015-01-02,ENGI11,0.021637292118696104,1
2015-01-02,ALPA3,0.0,1
2015-01-02,QCOM34,0.09423551187534197,1
2015-01-02,MATB11,0.0,1
2015-01-02,PTBL3,3.352221147029582e-17,1
2015-01-02,TUPY3,0.0,1
2015-01-02,COGN3,0.07579378310392182,1
2015-01-02,BALM4,0.08539362255969614,1
2015-01-02,KLBN11,0.0,1
2015-02-02,AMZO34,0.03771777308128889,0
2015-02-02,TEKA3,0.0,0
2015-02-02,BRKM5,8.91682379981392e-17,0
2015-02-02,AXPB34,0.09753663767623864,0
2015-02-02,CTGP34,0.09849758894077916,0
2015-02-02,JPMC34,0.09763672245338552,0
2015-02-02,TKNO4,4.565057564078734e-16,0
2015-02-02,ANIM3,0.08639955492725787,0
2015-02-02,SEER3,0.0,0
2015-02-02,MAPT4,4.2474269680606927e-16,0
2015-02-02,ORCL34,0.0972441021506571,0
2015-02-02,CATP34,0.0970837216689808,0
2015-02-02,PINE4,1.5606161039229017e-16,0
2015-02-02,KEPL3,0.0,0
2015-02-02,M1TA34,0.09919686098167896,0
2015-02-02,TPIS3,2.585783380475762e-17,0
2015-02-02,TELB3,2.0349255686887609e-16,0
2015-02-02,FLRY3,8.124402711385747e-18,0
2015-02-02,EZTC3,0.0,0
2015-02-02,ENGI11,0.09869549780675685,0
2015-02-02,ALPA3,0.0,0
2015-02-02,QCOM34,0.0,0
2015-02-02,MATB11,6.968545469973484e-17,0
2015-02-02,PTBL3,0.0,0
2015-02-02,TUPY3,0.0,0
2015-02-02,COGN3,0.09174420712374531,0
2015-02-02,BALM4,0.0,0
2015-02-02,KLBN11,0.09824733318922949,0
2015-02-02,TASA3,0.0,0
2015-02-02,BIOM3,0.0,0
2015-03-02,RCSL3,0.0,0
2015-03-02,TEKA3,0.0,0
2015-03-02,PDTC3,0.0,0
2015-03-02,TKNO4,0.0,0
2015-03-02,MAPT4,0.0,0
2015-03-02,CTSA3,0.0,0
2015-03-02,LUPA3,0.0,0
2015-03-02,AELP3,0.023956886135161733,0
2015-03-02,KEPL3,0.0,0
2015-03-02,CTKA3,0.09624995915590234,0
2015-03-02,MTIG3,0.0,0
2015-03-02,MTSA4,0.0,0
2015-03-02,SLED3,0.0,0
2015-03-02,ODPV3,0.09507190652892228,0
2015-03-02,CGAS5,0.0,0
2015-03-02,WEGE3,0.09971763574240927,0
2015-03-02,CTSA4,0.0,0
2015-03-02,PTBL3,0.0,0
2015-03-02,GEPA4,0.09830782974048033,0
2015-03-02,MDIA3,0.0,0
2015-03-02,CREM3,0.0670147623316188,0
2015-03-02,ABEV3,0.09760308401429377,0
2015-03-02,DOHL4,0.0287223339587405,0
2015-03-02,RPMG3,0.0,0
2015-03-02,TPIS3,0.0,0
2015-03-02,MMMC34,0.09852697366065043,0
2015-03-02,BRSR5,0.09990098682236696,0
2015-03-02,QUAL3,0.097886951518822,0
2015-03-02,FIBR3,0.09704069039063165,0
2015-03-02,DASA3,0.0,0
2015-04-01,OGXP3,9.308637477215374e-16,0
2015-04-01,DTCY3,0.0,0
2015-04-01,VISA34,0.09692636236093698,0
2015-04-01,AZEV4,1.6612852162246506e-16,0
2015-04-01,RADL3,0.07542166291630108,0
2015-04-01,LEVE3,7.572045438192639e-17,0
2015-04-01,HOME34,0.09260596948883497,0
2015-04-01,TIMS3,9.277313343428676e-17,0
2015-04-01,SGPS3,2.1264460647035582e-16,0
2015-04-01,TXRX3,0.0011025676715565888,0
2015-04-01,COCA34,0.07394246931579765,0
2015-04-01,BAUH4,1.214849089835983e-16,0
2015-04-01,BMIN4,2.3211405289325567e-17,0
2015-04-01,VIVT3,1.5570207543735668e-16,0
2015-04-01,PFIZ34,0.09508666058422015,0
2015-04-01,NEXP3,9.96537994384212e-17,0
2015-04-01,ITUB4,0.0,0
2015-04-01,EXXO34,5.547409353981544e-17,0
2015-04-01,JNJB34,0.05231576949798062,0
2015-04-01,TOTS3,0.005639469531017332,0
2015-04-01,SBUB34,0.09396212730220597,0
2015-04-01,AMAR3,0.0,0
2015-04-01,BBDC4,0.027000641955074657,0
2015-04-01,FDXB34,0.09675830122865055,0
2015-04-01,ITSA3,0.015616123200761374,0
2015-04-01,AAPL34,0.09441319174778184,0
2015-04-01,PGCO34,0.0971083550519654,0
2015-04-01,ATTB34,0.025958605498821157,0
2015-04-01,ITSA4,0.011715768932969644,0
2015-04-01,BDLL4,0.04442595371512219,0
2015-05-04,LILY34,0.06580961125508758,0
2015-05-04,MRCK34,0.07075008500911194,0
2015-05-04,AXPB34,0.0,0
2015-05-04,UPSS34,0.0,0
2015-05-04,FDXB34,0.09560490787113465,0
2015-05-04,JNJB34,0.07650656649395579,0
2015-05-04,GEOO34,0.008844125732059633,0
2015-05-04,WALM34,1.7995041918939943e-17,0
2015-05-04,TXRX4,0.006248421806309085,0
2015-05-04,MAPT4,0.0,0
2015-05-04,NIKE34,0.04289120788041396,0
2015-05-04,CTGP34,0.025683117715129027,0
2015-05-04,IBMB34,5.222661019022701e-17,0
2015-05-04,HOME34,0.07731408440900407,0
2015-05-04,BOEI34,2.5911332434639828e-17,0
2015-05-04,FDMO34,0.03461727309434127,0
2015-05-04,COCA34,0.046243677541595515,0
2015-05-04,BRPR3,0.0,0
2015-05-04,AMGN34,0.09707179221363144,0
2015-05-04,PGCO34,0.08171906243169724,0
2015-05-04,PEPB34,0.06621614393739099,0
2015-05-04,VERZ34,0.0,0
2015-05-04,CTKA3,0.02548434419777816,0
2015-05-04,ORCL34,0.010368763609941482,0
2015-05-04,DAGB33,0.0,0
2015-05-04,PDTC3,2.272512370424647e-16,0
2015-05-04,ABTT34,0.09954770526766542,0
2015-05-04,MOAR3,0.0,0
2015-05-04,ATTB34,3.0423200003887926e-17,0
2015-05-04,BMYB34,0.06907910953375243,0
2015-06-01,CLSC4,1.1459008104370861e-15,0
2015-06-01,CYRE3,4.720372417296251e-15,0
2015-06-01,NEXP3,4.8868332284377974e-15,0
2015-06-01,MATB11,0.09301556723695673,0
2015-06-01,RENT3,3.537594004669617e-15,0
2015-06-01,AXIA3,8.09137159291287e-14,0
2015-06-01,SOND5,1.0196221553284714e-15,0
2015-06-01,ITUB4,0.08947539792867776,0
2015-06-01,ABCB4,3.321965858256936e-15,0
2015-06-01,PSSA3,0.09314582325457922,0
2015-06-01,BMIN4,2.9032062126864966e-15,0
2015-06-01,B3SA3,1.7974360681341124e-13,0
2015-06-01,SLBG34,0.09872639703671189,0
2015-06-01,USIM5,7.237054276649952e-15,0
2015-06-01,FIND11,0.09105407439153225,0
2015-06-01,DXCO3,4.837065567222013e-15,0
2015-06-01,ITUB3,0.0908764717539373,0
2015-06-01,EQTL3,0.09760205081755018,0
2015-06-01,BBAS3,1.6491410357680323e-13,0
2015-06-01,PEAB4,0.09982131635529351,0
2015-06-01,DIVO11,5.2477215485967716e-15,0
2015-06-01,AMAR3,3.597270881448198e-15,0
2015-06-01,BBDC4,0.023048208954112862,0
2015-06-01,EVEN3,7.043747048032643e-15,0
2015-06-01,SMTO3,0.02961820231615556,0
2015-06-01,KLBN11,0.09917693231146768,0
2015-06-01,UGPA3,0.09443955764252464,0
2015-06-01,COCE3,1.6690207738710763e-16,0
2015-06-01,BBDC3,2.1022118405776524e-14,0
2015-06-01,EZTC3,4.262719794286443e-15,0
2015-07-01,LUPA3,3.5269676352977393e-16,1
2015-07-01,TXRX4,0.03281645600782512,1
2015-07-01,ALPA3,0.0,1
2015-07-01,CSNA3,2.4352997446576144e-16,1
2015-07-01,VSTE3,0.07311486528823474,1
2015-07-01,CMIG3,0.0,1
2015-07-01,CMIG4,0.0,1
2015-07-01,ALPA4,8.315840635811537e-17,1
2015-07-01,SBSP3,3.289284475783222e-16,1
2015-07-01,USIM5,0.0,1
2015-07-01,AMER3,0.0,1
2015-07-01,BMKS3,0.09982967797970646,1
2015-07-01,BRGE3,0.0,1
2015-07-01,USIM6,0.0,1
2015-07-01,CGAS5,0.006750923771467126,1
2015-07-01,GFSA3,0.0,1
2015-07-01,AXIA3,0.0,1
2015-07-01,BIOM3,0.07931477561504674,1
2015-07-01,VIVR3,2.075617260026605e-17,1
2015-07-01,ETER3,1.2421062398800695e-17,1
2015-07-01,SLBG34,0.09905860049371094,1
2015-07-01,JPMC34,0.09638498635796786,1
2015-07-01,MATB11,0.025019604898309518,1
2015-07-01,GSGI34,0.09648677616374013,1
2015-07-01,EQTL3,0.0975923538553216,1
2015-07-01,CGAS3,0.096909534039321,1
2015-07-01,ALUP11,0.09689253097629037,1
2015-07-01,ORCL34,0.0998289145530573,1
2015-07-01,AZEV4,0.0,1
2015-07-01,DTCY3,3.0194074695675295e-16,1
2015-08-03,RCSL3,0.0,1
2015-08-03,SOND5,0.0,1
2015-08-03,BIOM3,0.0,1
2015-08-03,TELB3,0.0,1
2015-08-03,HPQB34,0.09988463224549675,1
2015-08-03,BRGE12,0.0,1
2015-08-03,CEDO3,0.0,1
2015-08-03,JOPA3,0.0,1
2015-08-03,SGPS3,0.0,1
2015-08-03,BMIN4,0.0,1
2015-08-03,PETR4,0.0,1
2015-08-03,PEAB3,0.02592619886675675,1
2015-08-03,LIGT3,0.0,1
2015-08-03,TOTS3,0.0,1
2015-08-03,BDLL4,0.09586883699782857,1
2015-08-03,TELB4,0.0,1
2015-08-03,PATI4,0.0,1
2015-08-03,COPH34,0.09866618991182068,1
2015-08-03,HALI34,0.09986370391520417,1
2015-08-03,HYPE3,0.09469649613561541,1
2015-08-03,WEGE3,0.09770885883768596,1
2015-08-03,SLBG34,0.09850316771270798,1
2015-08-03,APTI4,1.362983404039336e-13,1
2015-08-03,TKNO4,0.0,1
2015-08-03,HBTS5,0.0,1
2015-08-03,ANIM3,0.0,1
2015-08-03,EKTR4,0.0994637601305472,1
2015-08-03,CATP34,0.09412721318695016,1
2015-08-03,BRIV3,0.0,1
2015-08-03,PSSA3,0.09529094205925012,1
2015-09-01,RCSL3,0.0,0
2015-09-01,RCSL4,0.0,0
2015-09-01,VIVR3,0.0,0
2015-09-01,AZEV3,1.5744277752987136e-17,0
2015-09-01,AELP3,0.0030770620493511744,0
2015-09-01,HOOT4,0.0,0
2015-09-01,BRGE6,0.09961441142219953,0
2015-09-01,HYPE3,0.00148386267158997,0
2015-09-01,MRVE3,8.369804378935942e-17,0
2015-09-01,PSSA3,0.09560522764360742,0
2015-09-01,TELB3,3.8365030111181073e-16,0
2015-09-01,PLAS3,0.0,0
2015-09-01,BOEI34,0.09880441239983483,0
2015-09-01,LILY34,0.09650392825252313,0
2015-09-01,BMIN4,3.144940815213029e-16,0
2015-09-01,TEKA3,0.0,0
2015-09-01,CPFE3,0.0,0
2015-09-01,SBSP3,2.145560925174742e-16,0
2015-09-01,PMAM3,0.008852331668566003,0
2015-09-01,SANB3,0.012019735343052649,0
2015-09-01,BMYB34,0.09720136802375003,0
2015-09-01,CEED3,0.02949642112684626,0
2015-09-01,PFRM3,0.0,0
2015-09-01,SLBG34,0.09963740158773796,0
2015-09-01,WEGE3,0.09987264230609938,0
2015-09-01,ABTT34,0.09746148809307344,0
2015-09-01,TELB4,0.0,0
2015-09-01,PEPB34,0.09805691007196717,0
2015-09-01,BBDC4,0.0,0
2015-09-01,DOHL4,0.06231279733980006,0
2015-10-01,AZEV3,4.167878756319412e-16,1
2015-10-01,TPIS3,4.6735921658374565e-17,1
2015-10-01,HBTS5,6.157412754994954e-16,1
2015-10-01,BBSE3,0.0008279191289974332,1
2015-10-01,CREM3,0.022384135569622925,1
2015-10-01,PDGR3,2.2899372497646894e-16,1
2015-10-01,PATI4,0.0,1
2015-10-01,BMKS3,0.0,1
2015-10-01,BHIA3,0.0,1
2015-10-01,AMGN34,0.0032978699718920943,1
2015-10-01,ATTB34,0.05966159829001662,1
2015-10-01,CLSC3,3.449065719956506e-18,1
2015-10-01,PFIZ34,0.069427411096338,1
2015-10-01,VERZ34,0.09866058830175402,1
2015-10-01,CSCO34,0.022469960618143714,1
2015-10-01,BGIP3,0.0,1
2015-10-01,EKTR4,0.01106055670668417,1
2015-10-01,CVCB3,0.0,1
2015-10-01,COLG34,0.09698195209410565,1
2015-10-01,M1TA34,0.09570086464788688,1
2015-10-01,MGEL4,0.004502088743934454,1
2015-10-01,GSGI34,0.08748444015261213,1
2015-10-01,MSCD34,0.09725514068025985,1
2015-10-01,USBC34,0.09569974265643441,1
2015-10-01,JNJB34,0.025066967933620347,1
2015-10-01,LILY34,0.09440791418336349,1
2015-10-01,HETA4,0.0,1
2015-10-01,IVVB11,0.07675598931031086,1
2015-10-01,LFFE4,9.790222119478648e-17,1
2015-10-01,ABTT34,0.038354859914021475,1
2015-11-03,BRGE6,0.004848881559912983,0
2015-11-03,USIM6,6.749505960347745e-17,0
2015-11-03,TXRX3,1.4796561008923848e-16,0
2015-11-03,TEKA3,0.0,0
2015-11-03,ISAE3,0.03848038443691359,0
2015-11-03,BDLL4,0.0,0
2015-11-03,WALM34,4.49116865327758e-17,0
2015-11-03,USBC34,8.402980116964899e-17,0
2015-11-03,CGAS3,0.0,0
2015-11-03,MSBR34,0.05137436025864306,0
2015-11-03,VERZ34,0.0,0
2015-11-03,XRXB34,5.263688556686488e-17,0
2015-11-03,PFIZ34,0.09572635409532858,0
2015-11-03,CTGP34,3.716298595177143e-17,0
2015-11-03,CRIV3,0.0,0
2015-11-03,KLBN11,0.09234080304707504,0
2015-11-03,PEPB34,0.0984451185031034,0
2015-11-03,DISB34,0.09399519740258036,0
2015-11-03,ITLC34,0.024489204952218,0
2015-11-03,LILY34,0.06101929715051743,0
2015-11-03,FCXO34,0.0,0
2015-11-03,LEVE3,0.011559492159075006,0
2015-11-03,BOAC34,0.05404782169541449,0
2015-11-03,CSCO34,0.09663867135197994,0
2015-11-03,AGRO3,0.09183222578859762,0
2015-11-03,FDMO34,0.09869703841490282,0
2015-11-03,EXXO34,7.005803964630214e-17,0
2015-11-03,MRCK34,0.06920935234911509,0
2015-11-03,GRND3,0.01309218293737314,0
2015-11-03,CGAS5,0.004203613897248999,0
2015-12-01,SHOW3,6.405469171675022e-17,1
2015-12-01,FDMO34,1.141814681769704e-16,1
2015-12-01,KHCB34,0.06625315084339366,1
2015-12-01,CSCO34,0.07978238435000704,1
2015-12-01,FRIO3,1.4725558078415412e-17,1
2015-12-01,AMZO34,0.09664650421672139,1
2015-12-01,AXPB34,0.0,1
2015-12-01,VERZ34,0.0,1
2015-12-01,M1TA34,0.09987515687020099,1
2015-12-01,ITLC34,0.01935003746522629,1
2015-12-01,CATP34,2.5360258571348816e-17,1
2015-12-01,CTGP34,0.017872993378979518,1
2015-12-01,COLG34,0.09753416474586675,1
2015-12-01,MSBR34,0.05653330429607257,1
2015-12-01,BRPR3,0.006262440953513415,1
2015-12-01,IMBI4,4.037630116912632e-18,1
2015-12-01,LMTB34,0.09898896560568525,1
2015-12-01,CHVX34,0.0,1
2015-12-01,BMIN3,0.09589169819232865,1
2015-12-01,RYTT34,0.0,1
2015-12-01,PFRM3,6.159629626380574e-17,1
2015-12-01,CYRE3,0.0,1
2015-12-01,BOEI34,0.07178883747098747,1
2015-12-01,BEEF3,0.0,1
2015-12-01,GSGI34,0.0,1
2015-12-01,MCDC34,0.09857799078767873,1
2015-12-01,PGCO34,4.417771972062507e-17,1
2015-12-01,BERK34,2.6203345502731855e-17,1
2015-12-01,AMGN34,0.0,1
2015-12-01,DISB34,0.09464237082333812,1
2016-01-04,CSNA3,1.8285765025123894e-14,1
2016-01-04,BHIA3,0.0,1
2016-01-04,ENEV3,0.0,1
2016-01-04,ALPA4,2.3352364683410656e-14,1
2016-01-04,SLBG34,0.0971241925089549,1
2016-01-04,BIOM3,0.0,1
2016-01-04,BDLL4,0.0,1
2016-01-04,BRIV3,0.004856348912065948,1
2016-01-04,MDIA3,0.0,1
2016-01-04,RADL3,0.09012134665684512,1
2016-01-04,MYPK3,0.0018580633755912036,1
2016-01-04,PSSA3,0.0,1
2016-01-04,BRSR3,0.0,1
2016-01-04,SMAL11,0.0,1
2016-01-04,MAPT4,0.0,1
2016-01-04,VIVR3,0.0,1
2016-01-04,AMZO34,0.09339932384056432,1
2016-01-04,AMGN34,0.06054550367765171,1
2016-01-04,BRKM5,0.07331032747361312,1
2016-01-04,UPSS34,0.09763609604937924,1
2016-01-04,DASA3,0.0,1
2016-01-04,TAEE11,0.0,1
2016-01-04,COCE3,0.0,1
2016-01-04,BBDC3,0.0,1
2016-01-04,MCDC34,0.09437109748891424,1
2016-01-04,LILY34,0.09512959244364905,1
2016-01-04,PNVL3,0.09650052495989686,1
2016-01-04,JOPA3,0.0,1
2016-01-04,BMYB34,0.09685607132128216,1
2016-01-04,LMTB34,0.09829151129155042,1
2016-02-01,TEKA3,0.0,2
2016-02-01,IMBI4,0.0,2
2016-02-01,CREM3,0.09234119812113563,2
2016-02-01,BOAC34,0.0988631994405067,2
2016-02-01,TEKA4,0.0,2
2016-02-01,CTGP34,0.096548525618225,2
2016-02-01,HALI34,0.0,2
2016-02-01,SANB11,7.784127284699387e-16,2
2016-02-01,SANB3,0.0,2
2016-02-01,FIBR3,0.0996099695784385,2
2016-02-01,TKNO4,3.021972184502715e-16,2
2016-02-01,COGN3,0.0,2
2016-02-01,AZZA3,0.0,2
2016-02-01,ITUB4,0.0,2
2016-02-01,MSBR34,0.019948773896640896,2
2016-02-01,COPH34,0.0,2
2016-02-01,AXIA6,0.06718575429106304,2
2016-02-01,KLBN11,0.09648299970991381,2
2016-02-01,SLED4,0.0,2
2016-02-01,CSCO34,0.09895884809091655,2
2016-02-01,DISB34,0.09796707620313583,2
2016-02-01,FRIO3,0.0,2
2016-02-01,PSSA3,0.0,2
2016-02-01,MRSA3B,4.599973278351574e-17,2
2016-02-01,BOEI34,0.09864953781015913,2
2016-02-01,SANB4,0.004728174118982251,2
2016-02-01,BRKM5,0.0954328421706758,2
2016-02-01,BRSR3,0.0,2
2016-02-01,FDXB34,0.033283100950204696,2
2016-02-01,RNEW3,7.889543267691627e-16,2
2016-03-01,ENMT3,0.005702343622383607,2
2016-03-01,LILY34,0.09977994993561738,2
2016-03-01,AZEV4,5.585782736688176e-17,2
2016-03-01,RAIL3,3.7248943684149823e-16,2
2016-03-01,BMYB34,0.09799744748208802,2
2016-03-01,BOEI34,0.0,2
2016-03-01,CTSA3,0.0,2
2016-03-01,GSGI34,0.0,2
2016-03-01,BRIV4,1.4718049082658476e-17,2
2016-03-01,CEGR3,2.3678046748224997e-17,2
2016-03-01,TEKA4,0.0,2
2016-03-01,HOME34,0.09482551006238267,2
2016-03-01,ITLC34,2.5413405251724692e-16,2
2016-03-01,RNEW3,0.0,2
2016-03-01,EXXO34,0.02505527516830925,2
2016-03-01,OFSA3,0.05949838675055009,2
2016-03-01,BHIA3,0.0,2
2016-03-01,XRXB34,6.483825452994854e-18,2
2016-03-01,FIBR3,0.0,2
2016-03-01,ABTT34,1.6152886540403983e-16,2
2016-03-01,BRIV3,6.374367620385917e-17,2
2016-03-01,NIKE34,0.09746273364484932,2
2016-03-01,BRGE11,0.09726541254623051,2
2016-03-01,KHCB34,0.07927765879840272,2
2016-03-01,CREM3,0.06411309526392686,2
2016-03-01,IBMB34,6.961668502276527e-17,2
2016-03-01,VERZ34,0.09906270736781184,2
2016-03-01,BRKM3,0.09542008042780727,2
2016-03-01,BRGE12,1.1557129290574484e-17,2
2016-03-01,MSFT34,0.0845393989296395,2
2016-04-01,FCXO34,5.89136873298149e-15,0
2016-04-01,SLBG34,2.0097109377576607e-14,0
2016-04-01,MDLZ34,8.735633252946906e-15,0
2016-04-01,RYTT34,6.132382443891292e-15,0
2016-04-01,KHCB34,0.09806311176489747,0
2016-04-01,PDGR3,2.1022213568300657e-14,0
2016-04-01,CTSA4,8.556771937809367e-15,0
2016-04-01,CREM3,0.018510593905188236,0
2016-04-01,HETA4,8.181254729897308e-14,0
2016-04-01,TXRX4,8.531527633231568e-15,0
2016-04-01,JNJB34,0.09875353591816298,0
2016-04-01,TXRX3,8.005005168353955e-15,0
2016-04-01,LMTB34,6.332098260339849e-13,0
2016-04-01,PFIZ34,5.7517031329417595e-15,0
2016-04-01,VERZ34,0.09698294708752055,0
2016-04-01,TOTS3,6.49369654514793e-15,0
2016-04-01,EUCA3,0.0376905132262129,0
2016-04-01,ATTB34,0.09824868797742935,0
2016-04-01,RAIL3,1.554175337407331e-14,0
2016-04-01,CEGR3,4.990707927739747e-15,0
2016-04-01,BRGE11,0.09714585127746732,0
2016-04-01,PLAS3,1.2041025535082262e-14,0
2016-04-01,DOHL4,0.0993155102434099,0
2016-04-01,COLG34,0.09834255621220907,0
2016-04-01,LILY34,0.004627930486623205,0
2016-04-01,DASA3,6.12373544338718e-15,0
2016-04-01,CSAN3,0.09697992208458293,0
2016-04-01,TELB3,3.81722311401294e-13,0
2016-04-01,M1TA34,0.09822658026984858,0
2016-04-01,UPSS34,0.057112259545212984,0
2016-05-02,VIVR3,3.5390317780549574e-13,0
2016-05-02,TELB3,8.170385994484208e-13,0
2016-05-02,BGIP3,0.09737981810812198,0
2016-05-02,EVEN3,2.2702265608237478e-14,0
2016-05-02,PEAB4,0.09753194372999802,0
2016-05-02,ITUB4,3.112850308639678e-12,0
2016-05-02,FIND11,1.1717368478125726e-12,0
2016-05-02,RAPT4,3.9214601952439723e-14,0
2016-05-02,VIVT3,2.5116577711948105e-13,0
2016-05-02,XRXB34,8.142359215336059e-15,0
2016-05-02,LREN3,0.0527355579024272,0
2016-05-02,ITSA4,1.4328106915015268e-12,0
2016-05-02,ABCB4,4.742423618594643e-13,0
2016-05-02,MTSA4,0.03361074843643854,0
2016-05-02,MRVE3,0.09581269394655972,0
2016-05-02,BRIV4,0.09939009640586378,0
2016-05-02,SMTO3,0.09631327357585644,0
2016-05-02,BMYB34,0.09783580785193473,0
2016-05-02,MSPA4,0.09953313151132825,0
2016-05-02,CRIV3,1.2988016965624759e-14,0
2016-05-02,BNBR3,6.029832608065191e-15,0
2016-05-02,TELB4,9.334338594441499e-14,0
2016-05-02,HYPE3,0.09653455039500823,0
2016-05-02,TGTB34,0.0,0
2016-05-02,VSTE3,8.021866657340584e-14,0
2016-05-02,CGAS3,0.09907292175182766,0
2016-05-02,NEXP3,2.1472346277210108e-14,0
2016-05-02,BBDC3,1.4650933961191201e-12,0
2016-05-02,COTY34,0.034249456375214246,0
2016-05-02,ITSA3,5.812299747170472e-14,0
2016-06-01,VIVR3,2.1202024144835503e-13,1
2016-06-01,HBTS5,8.119060350452352e-14,1
2016-06-01,VALE3,1.7905032073278632e-13,1
2016-06-01,CTNM4,1.1131556733526064e-13,1
2016-06-01,GGBR4,1.2636337219147866e-13,1
2016-06-01,HETA4,1.082262625564905e-13,1
2016-06-01,RCSL3,1.5277427823096518e-12,1
2016-06-01,FRIO3,8.378696585219174e-14,1
2016-06-01,VALE5,1.1265468836144747e-13,1
2016-06-01,BBAS3,2.311893177843627e-13,1
2016-06-01,CTKA4,2.126713561771402e-13,1
2016-06-01,BRSR3,0.09624377091305024,1
2016-06-01,MATB11,0.09548273216408872,1
2016-06-01,EMAE4,0.09746090061888413,1
2016-06-01,BRPR3,0.09320116499228913,1
2016-06-01,NATU3,1.0191640142772939e-13,1
2016-06-01,BRKM3,0.09658825127374993,1
2016-06-01,GUAR3,9.111784435304593e-14,1
2016-06-01,BBSE3,2.0434022761573237e-13,1
2016-06-01,DIVO11,2.5499401762607384e-12,1
2016-06-01,BRIV4,0.09923052770208184,1
2016-06-01,SHOW3,0.0998334241729889,1
2016-06-01,BRKM5,0.09523531422078904,1
2016-06-01,BMIN4,8.479417498985989e-14,1
2016-06-01,ITUB4,1.6252554003824941e-12,1
2016-06-01,TENE5,0.09994112905949888,1
2016-06-01,EKTR4,0.09933764139712563,1
2016-06-01,COGN3,2.4422972172911617e-13,1
2016-06-01,FIND11,0.027445143477478284,1
2016-06-01,DASA3,8.733083578928319e-14,1
2016-07-01,OGXP3,0.0,1
2016-07-01,OSXB3,0.0,1
2016-07-01,CTSA4,3.260769481025306e-16,1
2016-07-01,VSTE3,6.723523456941756e-16,1
2016-07-01,RCSL3,7.637263692028389e-16,1
2016-07-01,TECN3,0.0,1
2016-07-01,M1TA34,0.09487170268918847,1
2016-07-01,SGPS3,0.0,1
2016-07-01,BALM4,0.0,1
2016-07-01,CEED3,4.4570279051995556e-18,1
2016-07-01,DOHL4,0.0,1
2016-07-01,ORCL34,0.023308586247442392,1
2016-07-01,APTI4,6.464672474755274e-17,1
2016-07-01,BAZA3,0.08443847384522633,1
2016-07-01,AXPB34,0.0,1
2016-07-01,AMZO34,0.09608130626034661,1
2016-07-01,WUNI34,2.017017209613518e-16,1
2016-07-01,TENE5,0.08336579524618391,1
2016-07-01,EKTR4,2.311364415521791e-16,1
2016-07-01,JPMC34,3.7961699555773634e-16,1
2016-07-01,CVCB3,0.09501143600012646,1
2016-07-01,CHVX34,0.09680468992429461,1
2016-07-01,CTSA3,0.0,1
2016-07-01,IBMB34,0.03608710699955743,1
2016-07-01,BMYB34,0.09774123007746464,1
2016-07-01,FDMO34,1.132421003001182e-15,1
2016-07-01,CSMG3,0.09647314970926311,1
2016-07-01,HOME34,0.0958272508017301,1
2016-07-01,ISAE3,0.09998927219917203,1
2016-07-01,CLSC3,1.7866172151815933e-16,1
2016-08-01,AXIA5,0.09983783949936526,0
2016-08-01,TAEE3,0.09871419619699344,0
2016-08-01,CALI3,0.09822487314547769,0
2016-08-01,FIGE3,0.09813171751457335,0
2016-08-01,COCE3,0.0,0
2016-08-01,NORD3,0.08958688960024663,0
2016-08-01,ENMT4,0.09692308219090266,0
2016-08-01,PEAB3,0.03713295023574043,0
2016-08-01,CRPG3,0.0,0
2016-08-01,BALM3,1.2191680773741198e-16,0
2016-08-01,BRGE8,0.09903926568584602,0
2016-08-01,MTSA3,0.0,0
2016-08-01,DOHL3,1.7407405861950847e-16,0
2016-08-01,ESTR3,0.09828303641119142,0
2016-08-01,FBMC3,0.0,0
2016-08-01,PTNT3,3.658317101217845e-17,0
2016-08-01,SOND3,1.9888244938109055e-17,0
2016-08-01,TKNO3,0.0,0
2016-08-01,MERC3,0.0,0
2016-08-01,PCAR3,0.0,0
2016-08-01,BMIN3,0.0,0
2016-08-01,JFEN3,1.042698320174806e-16,0
2016-08-01,MTSA4,0.08572928087319784,0
2016-08-01,TEKA4,3.3608118450726423e-16,0
2016-08-01,MTIG3,1.0691122003970467e-16,0
2016-08-01,GEPA3,0.0,0
2016-08-01,ECPR3,0.0,0
2016-08-01,PINE3,6.938934182756295e-17,0
2016-08-01,TEND3,0.0,0
2016-08-01,CASN3,0.0983968686464641,0
2016-09-01,FBMC4,0.0687901402665279,1
2016-09-01,IMBI4,2.797444805910853e-16,1
2016-09-01,LOGN3,0.0,1
2016-09-01,CSNA3,0.0892496715111312,1
2016-09-01,HOOT4,0.00877880052847337,1
2016-09-01,USIM3,0.0,1
2016-09-01,PMAM3,7.831861989746405e-18,1
2016-09-01,CMIG3,7.577508905988152e-17,1
2016-09-01,DXCO3,0.021926041371683944,1
2016-09-01,TECN3,1.2283871257015559e-17,1
2016-09-01,FCXO34,0.0,1
2016-09-01,BHIA3,0.0,1
2016-09-01,AXIA6,0.09969610877733835,1
2016-09-01,HBOR3,0.0,1
2016-09-01,ALPA4,0.07471060005411119,1
2016-09-01,TXRX3,0.04476158221708374,1
2016-09-01,MRVE3,0.0894084127908519,1
2016-09-01,CEDO3,3.7992279019093895e-17,1
2016-09-01,EQTL3,0.09670967097504596,1
2016-09-01,MILS3,0.0,1
2016-09-01,YDUQ3,0.0,1
2016-09-01,CYRE3,1.3679142206275923e-17,1
2016-09-01,OIBR4,0.0,1
2016-09-01,CLSC4,0.03890084412731548,1
2016-09-01,EVEN3,0.0,1
2016-09-01,MULT3,0.07961637319223326,1
2016-09-01,MNDL3,0.09254119098185179,1
2016-09-01,RADL3,0.0959170958428313,1
2016-09-01,PEAB4,0.09899346736352019,1
2016-09-01,EZTC3,0.0,1
2016-10-03,AZEV4,1.4074033587113792e-16,0
2016-10-03,CTNM4,3.983943304121059e-16,0
2016-10-03,SLED4,3.205548259080611e-15,0
2016-10-03,AMAR3,9.463009419887566e-16,0
2016-10-03,RAIL3,5.42770981474691e-15,0
2016-10-03,TEKA4,1.0470969615214249e-15,0
2016-10-03,BAZA3,0.06592666876406897,0
2016-10-03,BRSR3,0.02932993767607808,0
2016-10-03,TELB3,0.0,0
2016-10-03,AXIA6,0.09793252145220616,0
2016-10-03,MOSC34,5.451140092560414e-16,0
2016-10-03,CBEE3,9.077125382122878e-17,0
2016-10-03,GUAR3,0.05219282501377819,0
2016-10-03,BTTL4,0.0,0
2016-10-03,QUAL3,0.04240098033175258,0
2016-10-03,CTSA4,6.783345240195851e-16,0
2016-10-03,METB34,0.09919125972788702,0
2016-10-03,RSID3,2.8366132250307525e-15,0
2016-10-03,EQMA3B,0.04862512700731113,0
2016-10-03,USBC34,0.07449169742047784,0
2016-10-03,PTBL3,2.535040835654358e-16,0
2016-10-03,NEXP3,6.426420243449307e-16,0
2016-10-03,MILS3,1.2428466657110166e-15,0
2016-10-03,MOAR3,0.09742909181718554,0
2016-10-03,EKTR4,0.0,0
2016-10-03,SANB3,0.05987075995782843,0
2016-10-03,BGIP3,0.09768560914744667,0
2016-10-03,CRIV4,0.0697013311620224,0
2016-10-03,FLRY3,0.09963463744307866,0
2016-10-03,MGLU3,0.06558755307886086,0
2016-11-01,BALM4,7.349973914399826e-17,0
2016-11-01,HETA4,0.0,0
2016-11-01,FRIO3,1.0988102223334802e-16,0
2016-11-01,AMGN34,0.0,0
2016-11-01,HPQB34,0.0285741901946448,0
2016-11-01,ALPA3,0.0,0
2016-11-01,EBAY34,3.3010304036905044e-17,0
2016-11-01,AMZO34,0.058781524741833756,0
2016-11-01,USIM6,0.01700634515446074,0
2016-11-01,ITLC34,1.0130408884349488e-17,0
2016-11-01,AELP3,0.09611642923878769,0
2016-11-01,ODPV3,0.09806210159315992,0
2016-11-01,GEPA4,0.019400162692701384,0
2016-11-01,MGLU3,0.09563154377996766,0
2016-11-01,PATI4,0.09771481179503283,0
2016-11-01,KLBN3,4.877202794791059e-18,0
2016-11-01,DTCY3,0.0,0
2016-11-01,BRSR5,0.08444462733302059,0
2016-11-01,UPAC34,0.037792978489034214,0
2016-11-01,JOPA4,0.09707218007403325,0
2016-11-01,CASN4,0.09880881875481282,0
2016-11-01,COCE3,0.05370355745837839,0
2016-11-01,KHCB34,0.0,0
2016-11-01,BNBR3,0.0,0
2016-11-01,FIEI3,2.548086863577749e-18,0
2016-11-01,MMMC34,0.0,0
2016-11-01,SOND5,0.0,0
2016-11-01,ATTB34,0.0,0
2016-11-01,RPAD6,0.09378454688724587,0
2016-11-01,MWET4,0.023106181812885793,0
2016-12-01,GFSA3,0.0,0
2016-12-01,SMTO3,0.04724060551964746,0
2016-12-01,AMER3,0.0,0
2016-12-01,LREN3,0.0,0
2016-12-01,MILS3,0.0,0
2016-12-01,BIIB34,0.05307138795179316,0
2016-12-01,BIOM3,0.0,0
2016-12-01,MDIA3,0.09927528025978395,0
2016-12-01,RAPT4,0.0,0
2016-12-01,GRND3,0.0,0
2016-12-01,COCE3,0.09955753634592016,0
2016-12-01,ENGI11,0.09510547246412084,0
2016-12-01,FHER3,0.0,0
2016-12-01,CRIV4,0.09444657484489755,0
2016-12-01,FRAS3,0.0,0
2016-12-01,ECOR3,0.06953593766106511,0
2016-12-01,AZZA3,0.09640679599864038,0
2016-12-01,PFRM3,0.06112807077328364,0
2016-12-01,TCSA3,0.0,0
2016-12-01,ISAE4,0.09765913156030508,0
2016-12-01,CMIG3,0.0,0
2016-12-01,WEGE3,0.0,0
2016-12-01,EGIE3,0.0,0
2016-12-01,TEKA3,0.0,0
2016-12-01,B3SA3,0.0920218221106274,0
2016-12-01,TMOS34,0.0,0
2016-12-01,BBSD11,0.0,0
2016-12-01,VIVR3,0.0,0
2016-12-01,BBSE3,0.0,0
2016-12-01,CZLT33,0.09455138450991517,0
2017-01-02,BRSR3,0.02844528465457062,1
2017-01-02,ENEV3,0.0,1
2017-01-02,BIIB34,0.0,1
2017-01-02,BALM4,9.792992396510507e-17,1
2017-01-02,ENGI4,0.052358135778709854,1
2017-01-02,TELB3,0.0,1
2017-01-02,ROST34,0.09963643871515528,1
2017-01-02,BDLL4,0.028263065389702222,1
2017-01-02,BRKM6,0.09249998808791288,1
2017-01-02,BTTL4,0.0,1
2017-01-02,VALE5,0.06311908329064714,1
2017-01-02,CSNA3,0.0,1
2017-01-02,CTNM4,0.0,1
2017-01-02,SCAR3,0.01286076310446651,1
2017-01-02,MNDL3,0.05859388838387534,1
2017-01-02,CRIV4,0.09957715021965048,1
2017-01-02,IMBI3,0.0,1
2017-01-02,ITUB4,0.0,1
2017-01-02,VALE3,0.03875217876929716,1
2017-01-02,LMTB34,4.552645919792191e-17,1
2017-01-02,PFRM3,0.09375924464376588,1
2017-01-02,TGTB34,0.0,1
2017-01-02,EKTR4,0.05861680138216497,1
2017-01-02,TXRX4,0.0,1
2017-01-02,PATI4,0.09560439310350502,1
2017-01-02,GOVE11,0.0,1
2017-01-02,SANB4,0.0437215514406576,1
2017-01-02,AXIA6,0.0966642282620612,1
2017-01-02,HPQB34,2.1653850033862812e-16,1
2017-01-02,PINE4,0.03752780477385753,1
2017-02-01,KLBN3,0.0,0
2017-02-01,PLAS3,0.04969106682402543,0
2017-02-01,BRKM6,0.08951014372915926,0
2017-02-01,EPAR3,0.0,0
2017-02-01,CRPG6,0.054748570512635764,0
2017-02-01,EKTR4,0.09876233858751977,0
2017-02-01,CTGP34,0.029543742243623862,0
2017-02-01,SANB11,0.09213786296599485,0
2017-02-01,CHVX34,0.09722517606342088,0
2017-02-01,BLAK34,0.0,0
2017-02-01,CATP34,0.09942059596749049,0
2017-02-01,BDLL4,0.017432595527859543,0
2017-02-01,CRPG5,0.07227345827874984,0
2017-02-01,TGTB34,0.0,0
2017-02-01,ROST34,0.049940344121837336,0
2017-02-01,HOOT4,9.406970470777034e-18,0
2017-02-01,METB34,0.09813840403034822,0
2017-02-01,COPH34,0.0,0
2017-02-01,GEOO34,4.7295244896032304e-17,0
2017-02-01,BERK34,0.0,0
2017-02-01,ITLC34,1.983532636227599e-17,0
2017-02-01,BHIA3,0.060531621253046376,0
2017-02-01,ENGI3,0.03836602242531798,0
2017-02-01,HPQB34,2.937867830819625e-17,0
2017-02-01,UPSS34,2.9323083206147484e-17,0
2017-02-01,EXXO34,0.0,0
2017-02-01,JPMC34,0.0,0
2017-02-01,IBMB34,0.04900474562636089,0
2017-02-01,SLBG34,0.0032733118426095044,0
2017-02-01,GEPA3,0.0,0
2017-03-01,TXRX3,0.024671946163453022,0
2017-03-01,CTKA3,0.0,0
2017-03-01,OSXB3,1.2858300456757873e-16,0
2017-03-01,PTNT3,0.04309674826383884,0
2017-03-01,RPAD3,0.08524009038648708,0
2017-03-01,BRGE12,3.977568301346615e-17,0
2017-03-01,TXRX4,0.0,0
2017-03-01,PATI3,6.195558795414201e-17,0
2017-03-01,AFLT3,0.0876080364681419,0
2017-03-01,CRIV3,0.06564383016550332,0
2017-03-01,BAUH4,0.029134108664016226,0
2017-03-01,BRAP3,0.07490050379859287,0
2017-03-01,CEDO4,0.0,0
2017-03-01,SANB3,0.009363414361812912,0
2017-03-01,CTSA3,5.2012013613730356e-17,0
2017-03-01,SANB11,0.07561604359728881,0
2017-03-01,VALE5,0.0,0
2017-03-01,TEXA34,0.0997595636223524,0
2017-03-01,DTCY3,2.630248331542475e-16,0
2017-03-01,SMTO3,1.2808620470142707e-17,0
2017-03-01,MWET4,0.008081890532881724,0
2017-03-01,CHVX34,0.006073011139458521,0
2017-03-01,VALE3,0.0,0
2017-03-01,RPAD6,0.09375415343933388,0
2017-03-01,YDUQ3,0.0,0
2017-03-01,CSAN3,0.020866010224002363,0
2017-03-01,SAPR4,0.09362545193898578,0
2017-03-01,PNVL3,0.09204078780830424,0
2017-03-01,MBRF3,0.0,0
2017-03-01,EQMA3B,0.0905244094255454,0
2017-04-03,LFFE3,0.0,1
2017-04-03,MWET4,0.03516643928620189,1
2017-04-03,JFEN3,1.6928155224624822e-16,1
2017-04-03,USIM6,0.0,1
2017-04-03,CEDO3,5.1870617359098885e-18,1
2017-04-03,SLED3,0.06743334916932908,1
2017-04-03,TCSA3,0.0,1
2017-04-03,BRSR6,0.09058388247397063,1
2017-04-03,SLED4,0.0,1
2017-04-03,MILS3,0.0,1
2017-04-03,ENGI3,0.08246184257928348,1
2017-04-03,MOSC34,0.0,1
2017-04-03,NEXP3,0.0,1
2017-04-03,HBTS5,0.09525021655440455,1
2017-04-03,SANB4,0.06633825949777448,1
2017-04-03,DTCY3,3.567353625454978e-17,1
2017-04-03,SANB11,0.09132622639973202,1
2017-04-03,HBOR3,4.865497760919695e-05,1
2017-04-03,LPSB3,0.0690610475092533,1
2017-04-03,GFSA3,0.0,1
2017-04-03,GOAU4,0.07232025936043668,1
2017-04-03,GGBR4,0.0,1
2017-04-03,EVEN3,0.0,1
2017-04-03,MBRF3,3.050820852433404e-17,1
2017-04-03,TXRX3,0.0990097207134842,1
2017-04-03,CSNA3,0.0,1
2017-04-03,LIGT3,0.0918397735148729,1
2017-04-03,SANB3,0.04658315537934503,1
2017-04-03,CTKA3,0.0,1
2017-04-03,POSI3,0.09257717258430208,1
2017-05-02,TEKA4,0.008913010047824813,1
2017-05-02,FICT3,6.777781565084386e-17,1
2017-05-02,CMIG3,2.436032956487587e-18,1
2017-05-02,CEDO4,1.1471911933929172e-16,1
2017-05-02,SLED3,0.0141833610879323,1
2017-05-02,OIBR4,5.115552591701503e-16,1
2017-05-02,CLSC4,0.044646556511463514,1
2017-05-02,CBEE3,0.0,1
2017-05-02,MTSA4,2.138071571773128e-17,1
2017-05-02,TPIS3,3.449200080166901e-16,1
2017-05-02,GGBR3,0.012594923876253024,1
2017-05-02,CTSA4,9.056255839154468e-17,1
2017-05-02,BRSR5,0.0,1
2017-05-02,SANB4,0.008898097174483427,1
2017-05-02,MEAL3,0.017641498341316557,1
2017-05-02,USBC34,0.09779624760538311,1
2017-05-02,OIBR3,0.06691815585757625,1
2017-05-02,GSGI34,0.0,1
2017-05-02,HAGA3,0.08994277219300818,1
2017-05-02,VLOE34,0.06354704906997113,1
2017-05-02,RSID3,1.990111539329861e-18,1
2017-05-02,SCHW34,0.09766005197135501,1
2017-05-02,FBMC4,3.2180836602948596e-16,1
2017-05-02,MOAR3,0.09854708103230513,1
2017-05-02,RNEW3,3.8979450792893103e-16,1
2017-05-02,GRND3,0.09978278867470382,1
2017-05-02,ALUP11,0.09952384687457054,1
2017-05-02,JPMC34,0.04883893956486879,1
2017-05-02,BMYB34,0.03804258390798467,1
2017-05-02,BGIP4,0.0925230362089977,1
2017-06-01,TELB3,0.0,0
2017-06-01,TELB4,0.0,0
2017-06-01,BHIA3,0.0,0
2017-06-01,PDTC3,0.0012299273966283597,0
2017-06-01,LPSB3,0.0,0
2017-06-01,BMKS3,0.044204015715356273,0
2017-06-01,MRVE3,0.025344889463464675,0
2017-06-01,CRIV4,0.09687256458298833,0
2017-06-01,ARNC34,0.09525033959680239,0
2017-06-01,PFRM3,1.3024027984402408e-17,0
2017-06-01,RPAD3,0.08448349328738099,0
2017-06-01,GSHP3,0.08189478015592004,0
2017-06-01,ALUP4,0.011997619247193421,0
2017-06-01,BNBR3,0.05148326737734267,0
2017-06-01,SANB4,0.046044642258876285,0
2017-06-01,BRPR3,0.0,0
2017-06-01,FHER3,0.0,0
2017-06-01,HAGA3,0.09502314239907006,0
2017-06-01,HBTS5,0.05192039694184215,0
2017-06-01,BGIP4,0.09503455533262818,0
2017-06-01,POSI3,0.0417728255277242,0
2017-06-01,SLED4,0.0,0
2017-06-01,ITSA4,0.010355252608382583,0
2017-06-01,SCAR3,0.0,0
2017-06-01,AAPL34,0.09847240741313633,0
2017-06-01,DAGB33,0.06861588069526307,0
2017-06-01,TUPY3,0.0,0
2017-06-01,EUCA4,0.0,0
2017-06-01,AMAR3,0.0,0
2017-06-01,TCSA3,0.0,0
2017-07-03,JFEN3,0.0,1
2017-07-03,BRSR3,0.0,1
2017-07-03,FRIO3,0.0,1
2017-07-03,PLAS3,0.0024598529601931075,1
2017-07-03,FICT3,0.00551794048869776,1
2017-07-03,CEDO3,0.0,1
2017-07-03,RPAD3,0.07839396590321948,1
2017-07-03,CTSA4,0.03605783812073305,1
2017-07-03,BGIP4,0.09542686573674525,1
2017-07-03,NATU3,0.0,1
2017-07-03,YDUQ3,0.0,1
2017-07-03,PCAR3,6.924696912052683e-17,1
2017-07-03,DOHL3,4.994494118953035e-17,1
2017-07-03,WEGE3,0.08906316046681519,1
2017-07-03,BALM4,6.60275169913031e-17,1
2017-07-03,RNEW3,5.3834398000125766e-17,1
2017-07-03,MWET3,0.09837111331646992,1
2017-07-03,CBEE3,0.0,1
2017-07-03,BBYY34,0.09702194998864445,1
2017-07-03,CTSA3,0.02109552468109072,1
2017-07-03,NORD3,0.020114810771610248,1
2017-07-03,FIGE3,0.09997053281058695,1
2017-07-03,CASN3,0.09997773065339939,1
2017-07-03,FBMC3,0.020114810771604853,1
2017-07-03,PINE3,0.09991770809524131,1
2017-07-03,SOND3,0.020114810771612694,1
2017-07-03,TKNO3,0.02011481077161212,1
2017-07-03,CASN4,0.0,1
2017-07-03,CEEB5,0.0,1
2017-07-03,EMAE4,0.09626657369172324,1
2017-08-01,PATI4,0.08351419755342082,0
2017-08-01,BBYY34,0.09477903109150099,0
2017-08-01,LILY34,0.02700053172888391,0
2017-08-01,CEDO3,0.0,0
2017-08-01,RPAD5,0.09865831967310587,0
2017-08-01,PEPB34,0.030931646816426562,0
2017-08-01,BMYB34,0.0,0
2017-08-01,SOND3,0.0,0
2017-08-01,JNJB34,1.1591574758947082e-16,0
2017-08-01,HOME34,0.026376539016192885,0
2017-08-01,DHER34,0.0,0
2017-08-01,PFIZ34,1.1506717939499962e-16,0
2017-08-01,UBSG34,0.0,0
2017-08-01,KMBB34,0.0,0
2017-08-01,GOGL35,0.09822372239377504,0
2017-08-01,MMMC34,0.09603998955315773,0
2017-08-01,EPAR3,0.004940685805018651,0
2017-08-01,GEOO34,0.0,0
2017-08-01,COLG34,0.0,0
2017-08-01,DEAI34,0.09619405275270894,0
2017-08-01,CVSH34,0.0,0
2017-08-01,BGIP3,0.09369069055693752,0
2017-08-01,AGRO3,0.0,0
2017-08-01,MDTC34,0.0,0
2017-08-01,MRCK34,0.04570968459717176,0
2017-08-01,SPXI11,0.09363317902139094,0
2017-08-01,WFCO34,0.021105762197247368,0
2017-08-01,BOXP34,2.0045087636332224e-17,0
2017-08-01,SSFO34,1.51372728608224e-17,0
2017-08-01,PTNT3,0.08920196724306087,0
2017-09-01,TEKA4,0.0073249030992846255,1
2017-09-01,BALM4,1.0212423859857436e-16,1
2017-09-01,MGLU3,0.09654625866573222,1
2017-09-01,RPAD6,0.09462697397193696,1
2017-09-01,EMAE4,0.05018508963634676,1
2017-09-01,TELB3,6.932144422489051e-17,1
2017-09-01,ENGI4,0.008048121930097381,1
2017-09-01,CRPG5,9.83594053037318e-17,1
2017-09-01,POSI3,1.0852464867358397e-17,1
2017-09-01,GUAR3,0.04497812543905562,1
2017-09-01,QUAL3,0.0602892758175495,1
2017-09-01,LIGT3,0.0009036454330464866,1
2017-09-01,TEKA3,0.0,1
2017-09-01,METB34,6.849804406398308e-19,1
2017-09-01,TGMA3,0.05636722879210457,1
2017-09-01,DEAI34,0.004337633782736454,1
2017-09-01,BGIP4,0.09122581036374766,1
2017-09-01,AMZO34,0.09510891047402524,1
2017-09-01,SBSP3,2.0438549304837905e-16,1
2017-09-01,TMOS34,0.09865588517670756,1
2017-09-01,UBSG34,7.816821493530683e-19,1
2017-09-01,AMGN34,8.975821295331855e-18,1
2017-09-01,EBAY34,1.8733673213790787e-17,1
2017-09-01,ALUP3,0.05364329373695399,1
2017-09-01,PDTC3,0.056363544155717156,1
2017-09-01,BMIN4,1.322019256751659e-16,1
2017-09-01,COTY34,1.4064030128074349e-16,1
2017-09-01,FMXB34,1.442497894964647e-17,1
2017-09-01,EQMA3B,0.09063013767448377,1
2017-09-01,BGIP3,0.09076516185047319,1
2017-10-02,HBTS5,0.05922310295837347,1
2017-10-02,BRGE12,0.025292690746839607,1
2017-10-02,RPAD5,0.09367891072065798,1
2017-10-02,EPAR3,1.991420817473667e-16,1
2017-10-02,MWET4,4.177583782825461e-17,1
2017-10-02,BRAP4,0.03163915019897863,1
2017-10-02,DTCY3,0.0,1
2017-10-02,BTTL4,0.0,1
2017-10-02,FCXO34,0.024598315699795103,1
2017-10-02,OSXB3,0.0,1
2017-10-02,VALE3,0.0,1
2017-10-02,BRAP3,0.058579844889755664,1
2017-10-02,VALE5,0.0,1
2017-10-02,COCE3,0.08038603766340781,1
2017-10-02,GUAR3,0.09922080412413314,1
2017-10-02,GGBR3,0.0,1
2017-10-02,YDUQ3,0.024761735064576407,1
2017-10-02,GGBR4,0.0,1
2017-10-02,CTSA4,0.03673319065000829,1
2017-10-02,EQMA3B,0.08809772288137452,1
2017-10-02,USIM3,2.4303745557940952e-17,1
2017-10-02,RAPT4,0.05652658800496523,1
2017-10-02,MYPK3,0.0,1
2017-10-02,TGMA3,0.09885846908421625,1
2017-10-02,MATB11,0.09610660566863612,1
2017-10-02,VSTE3,0.023094401068111232,1
2017-10-02,WEGE3,0.0,1
2017-10-02,CRPG5,0.052095399184605894,1
2017-10-02,SEER3,0.051107031391564306,1
2017-10-02,GOAU4,6.206707838576559e-17,1
2017-11-01,RNEW4,0.014647410799216533,0
2017-11-01,ENGI3,0.0,0
2017-11-01,HBOR3,2.446968759939063e-18,0
2017-11-01,BTTL4,0.0,0
2017-11-01,DTCY3,2.3328987219129522e-17,0
2017-11-01,GSHP3,8.510743421505782e-17,0
2017-11-01,COGN3,0.0,0
2017-11-01,TSLA34,0.08940573682737614,0
2017-11-01,CEED3,0.03783335106400647,0
2017-11-01,USIM6,0.059665246293648264,0
2017-11-01,DOHL4,0.06848689589920191,0
2017-11-01,RSID3,5.655975364632537e-17,0
2017-11-01,SEER3,4.0687890573112155e-17,0
2017-11-01,PTBL3,0.09674730187104089,0
2017-11-01,QUAL3,0.020527396388098043,0
2017-11-01,SLED3,0.0,0
2017-11-01,AFLT3,0.05965478888627559,0
2017-11-01,UNIP5,0.023613536198929076,0
2017-11-01,TGMA3,0.09812798083102685,0
2017-11-01,CGAS5,0.0,0
2017-11-01,WIZC3,0.0,0
2017-11-01,LPSB3,0.01533369532556576,0
2017-11-01,GUAR3,0.0950082034194035,0
2017-11-01,CTKA4,8.090877517735249e-17,0
2017-11-01,SBSP3,0.0,0
2017-11-01,BIOM3,0.0,0
2017-11-01,ANIM3,0.04605451456995767,0
2017-11-01,CYRE3,0.07858365494240266,0
2017-11-01,UNIP6,0.09660822259451624,0
2017-11-01,JOPA3,0.09970206408933432,0
2017-12-01,RPAD3,1.4288507528662451e-18,1
2017-12-01,BALM4,1.2886386235520148e-16,1
2017-12-01,MAPT4,0.0,1
2017-12-01,BPAC11,0.0,1
2017-12-01,TELB3,0.05822452597568109,1
2017-12-01,GILD34,0.0,1
2017-12-01,FBMC4,1.0559157918983039e-16,1
2017-12-01,SGPS3,0.09728868472746748,1
2017-12-01,VIVT3,0.020113025470427537,1
2017-12-01,PETR3,0.0,1
2017-12-01,USIM6,0.09277738587790613,1
2017-12-01,TGTB34,0.0,1
2017-12-01,RNEW4,0.0375697850419522,1
2017-12-01,FRIO3,0.09856980856420593,1
2017-12-01,FIEI3,0.010493354803420493,1
2017-12-01,TPIS3,1.8846411807888865e-16,1
2017-12-01,USIM3,0.09095619796643174,1
2017-12-01,BAUH4,0.09355374162318954,1
2017-12-01,GGBR3,0.0,1
2017-12-01,AMER3,0.09073870987922994,1
2017-12-01,FLRY3,0.09237868533745588,1
2017-12-01,CGRA4,0.0969414881576465,1
2017-12-01,XRXB34,0.0,1
2017-12-01,TECN3,9.799366518432363e-17,1
2017-12-01,METB34,2.123575126237575e-17,1
2017-12-01,VSTE3,0.09446678461059446,1
2017-12-01,AIGB34,0.0,1
2017-12-01,PETR4,9.856816528079886e-18,1
2017-12-01,SHOW3,0.0,1
2017-12-01,UPSS34,0.025927821964390543,1
2018-01-02,VIVR3,1.7983478474250115e-17,1
2018-01-02,ALUP4,0.034013663483155904,1
2018-01-02,BIOM3,0.004921116103275822,1
2018-01-02,HBTS5,0.012340446040243098,1
2018-01-02,PLAS3,0.0,1
2018-01-02,BDLL4,0.0,1
2018-01-02,PDGR3,0.0,1
2018-01-02,AXIA3,3.0346644259933565e-17,1
2018-01-02,VSTE3,0.03370799520040162,1
2018-01-02,TOTS3,0.05441576451274247,1
2018-01-02,CRPG5,0.015598575054589194,1
2018-01-02,FESA4,0.09393978328246698,1
2018-01-02,OIBR3,0.025550259701471453,1
2018-01-02,B3SA3,0.09541670172866593,1
2018-01-02,DXCO3,0.07619063068958383,1
2018-01-02,BMIN3,0.0107601653550201,1
2018-01-02,CEDO4,0.08528446468541824,1
2018-01-02,CRPG6,0.09582739299999711,1
2018-01-02,OIBR4,9.572136314609692e-17,1
2018-01-02,BRSR5,5.771983390666212e-18,1
2018-01-02,ANIM3,0.09659372738447515,1
2018-01-02,FICT3,0.012418515258944936,1
2018-01-02,AXIA6,7.162079123527752e-18,1
2018-01-02,PTNT4,8.490059261323692e-17,1
2018-01-02,GFSA3,4.313039558143834e-17,1
2018-01-02,KLBN11,0.021469784848591574,1
2018-01-02,RCSL3,3.248715327173372e-17,1
2018-01-02,SHOW3,0.036227218973687476,1
2018-01-02,CEDO3,0.09864450860216283,1
2018-01-02,ORCL34,0.09667928609510618,1
2018-02-01,FICT3,0.0,0
2018-02-01,HETA4,0.01864485774050572,0
2018-02-01,B1BW34,0.0,0
2018-02-01,EKTR4,0.06203999491328916,0
2018-02-01,OIBR4,0.0,0
2018-02-01,COGN3,1.1291792856750346e-16,0
2018-02-01,RSUL4,0.07969046892997611,0
2018-02-01,BIOM3,7.525403314134169e-18,0
2018-02-01,HSHY34,2.2565890230842718e-17,0
2018-02-01,ATTB34,9.663665137686476e-17,0
2018-02-01,SCAR3,0.09397238035309752,0
2018-02-01,GFSA3,0.0,0
2018-02-01,ECOR3,0.0,0
2018-02-01,WUNI34,0.0,0
2018-02-01,BGIP4,0.08990301826302781,0
2018-02-01,NIKE34,0.09048369566504567,0
2018-02-01,BOEI34,0.09401860055511603,0
2018-02-01,FDMO34,3.066260882008347e-17,0
2018-02-01,ROMI3,0.04257255929678141,0
2018-02-01,CBEE3,0.0,0
2018-02-01,TEXA34,0.09358168619747023,0
2018-02-01,BRSR3,7.960893417817724e-17,0
2018-02-01,ANIM3,0.06833699271419182,0
2018-02-01,CRIV4,0.018680220160106998,0
2018-02-01,RADL3,0.016077679752445978,0
2018-02-01,YDUQ3,0.05320142441422938,0
2018-02-01,ALPA4,0.06101865931071751,0
2018-02-01,PGCO34,0.07056004411903602,0
2018-02-01,USIM5,0.030946211659565792,0
2018-02-01,GSGI34,0.01627150595539653,0
2018-03-01,MAPT4,8.147229465994481e-17,0
2018-03-01,AALL34,0.0593385963153606,0
2018-03-01,GFSA3,9.715435639595967e-17,0
2018-03-01,RIGG34,0.0,0
2018-03-01,MILS3,2.0244782974273415e-16,0
2018-03-01,SLBG34,0.0,0
2018-03-01,BIIB34,0.09864232800927906,0
2018-03-01,HALI34,0.0,0
2018-03-01,BRPR3,1.0545685304461266e-16,0
2018-03-01,UPSS34,0.044338415272126855,0
2018-03-01,AMAR3,1.4325726783660267e-16,0
2018-03-01,CVSH34,0.0,0
2018-03-01,HBOR3,1.485570267911177e-16,0
2018-03-01,MNDL3,0.06160021293730474,0
2018-03-01,USIM5,0.08316586760657332,0
2018-03-01,BRGE11,0.09570660270823807,0
2018-03-01,VERZ34,0.028192451096713384,0
2018-03-01,CHVX34,0.0,0
2018-03-01,ECPR3,0.0,0
2018-03-01,CGRA4,0.09870735861316679,0
2018-03-01,UNIP5,0.094650307265339,0
2018-03-01,EXXO34,0.002601709246703919,0
2018-03-01,FHER3,8.252310471109133e-17,0
2018-03-01,RPAD6,0.07967305866217278,0
2018-03-01,FDXB34,0.05824119924388991,0
2018-03-01,VIVT3,0.021419015808776046,0
2018-03-01,QUAL3,0.02872943314174238,0
2018-03-01,ECOR3,3.714825117583793e-16,0
2018-03-01,BLAK34,0.09681067466073504,0
2018-03-01,ODPV3,0.04818276941187689,0
2018-04-02,BMEB3,0.012550654300754603,1
2018-04-02,MDIA3,0.016464216520458094,1
2018-04-02,LUPA3,0.0,1
2018-04-02,COTY34,0.025608220938854228,1
2018-04-02,B1BW34,4.007068350688462e-17,1
2018-04-02,GFSA3,0.0,1
2018-04-02,EALT4,0.0865164380250825,1
2018-04-02,CTSA4,0.018822147537681314,1
2018-04-02,CSNA3,0.0,1
2018-04-02,TGTB34,0.08248127843737121,1
2018-04-02,FESA4,0.07544111816094393,1
2018-04-02,UBSG34,0.053907347958254276,1
2018-04-02,CEEB5,2.310971768431512e-17,1
2018-04-02,TEKA4,2.4608431159908866e-16,1
2018-04-02,NATU3,1.1686004320136892e-17,1
2018-04-02,TEND3,0.09986621372551965,1
2018-04-02,WFCO34,4.590482168683807e-18,1
2018-04-02,EZTC3,0.02452846843176313,1
2018-04-02,CTKA3,6.179619324071891e-17,1
2018-04-02,BALM4,0.025392057009681876,1
2018-04-02,BLAK34,0.04597033659544498,1
2018-04-02,REDE3,0.07074936311980724,1
2018-04-02,ARMT34,0.014407280952270016,1
2018-04-02,BONY34,0.099701593789083,1
2018-04-02,VLID3,4.3582546683050015e-17,1
2018-04-02,ABBV34,0.06014632705368751,1
2018-04-02,GOAU3,0.0,1
2018-04-02,BOEI34,0.09274595417360745,1
2018-04-02,MACY34,0.00014390724375850034,1
2018-04-02,LMTB34,0.09455707602597609,1
2018-05-02,OSXB3,0.0,0
2018-05-02,BRGE12,0.06062098001048187,0
2018-05-02,NORD3,0.0,0
2018-05-02,BALM4,0.039640398184426814,0
2018-05-02,BOBR4,0.03661413171880095,0
2018-05-02,EZTC3,3.772878049489251e-17,0
2018-05-02,CSUD3,0.0,0
2018-05-02,WLMM4,0.04769578087839225,0
2018-05-02,AXIA3,0.0,0
2018-05-02,BRSR5,0.0,0
2018-05-02,PSSA3,0.09879219294058147,0
2018-05-02,AZEV4,0.0,0
2018-05-02,CYRE3,1.2032116474535507e-16,0
2018-05-02,BBAS3,2.724283006396118e-16,0
2018-05-02,TELB3,0.0,0
2018-05-02,VULC3,0.029969729224509356,0
2018-05-02,UNIP3,0.09344689530831711,0
2018-05-02,SLCE3,0.09776965407097518,0
2018-05-02,NFLX34,0.09637419708892972,0
2018-05-02,AXIA6,1.202675128561787e-16,0
2018-05-02,GUAR3,0.08606514245731142,0
2018-05-02,TEKA3,0.0015620032925605647,0
2018-05-02,DASA3,0.0,0
2018-05-02,MGEL4,1.1857803549003468e-16,0
2018-05-02,JFEN3,4.691181088454865e-16,0
2018-05-02,ALPA4,0.07240255790830855,0
2018-05-02,ABTT34,0.09864830282830078,0
2018-05-02,AALR3,3.541899347464694e-17,0
2018-05-02,CRIV3,0.04141777902887794,0
2018-05-02,BRGE11,0.09898025505922488,0
2018-06-01,ALPA3,0.0027618479935381645,1
2018-06-01,SLED4,0.0,1
2018-06-01,BHIA3,0.04670938140316079,1
2018-06-01,CTNM4,0.02452278081095538,1
2018-06-01,YDUQ3,0.009175652214280969,1
2018-06-01,HBTS5,0.0,1
2018-06-01,TIMS3,0.06884355991509156,1
2018-06-01,MWET4,0.006990272019812603,1
2018-06-01,TGMA3,0.05235168206852399,1
2018-06-01,ITUB3,0.03894474270583327,1
2018-06-01,BBDC3,4.2295901722566185e-17,1
2018-06-01,WHRL3,0.09945649732309698,1
2018-06-01,AFLT3,0.09531588496566774,1
2018-06-01,LIGT3,4.658710959969938e-17,1
2018-06-01,FIND11,1.006601874945774e-16,1
2018-06-01,BBDC4,5.0449520282174885e-17,1
2018-06-01,ITUB4,9.823628056670786e-17,1
2018-06-01,BRSR6,0.0005015625539625215,1
2018-06-01,ABEV3,0.02616086326983366,1
2018-06-01,B3SA3,0.0,1
2018-06-01,CGRA3,0.03254256580101613,1
2018-06-01,GEPA4,0.09908153542902431,1
2018-06-01,EQTL3,0.04745789260137635,1
2018-06-01,NFLX34,0.09328076718567534,1
2018-06-01,UNIP3,0.09087137769859814,1
2018-06-01,ABCB4,3.6274463898851224e-17,1
2018-06-01,MYPK3,0.07321982133715331,1
2018-06-01,ENGI3,0.03757142119531231,1
2018-06-01,ROMI3,0.04323209383568959,1
2018-06-01,BRGE12,0.011007797672396381,1
2018-07-02,MWET4,4.7599554191294885e-17,0
2018-07-02,USIM3,0.006011421472161995,0
2018-07-02,BRIV3,1.0716262685833154e-16,0
2018-07-02,HALI34,0.024235750591239773,0
2018-07-02,CLSC4,0.07163633129638573,0
2018-07-02,CZLT33,0.049285395239785125,0
2018-07-02,NFLX34,0.09216179144918187,0
2018-07-02,CRPG3,0.09728874751684594,0
2018-07-02,WEGE3,0.05102335594770535,0
2018-07-02,GGBR3,0.0,0
2018-07-02,SCHW34,0.012149483143489122,0
2018-07-02,ABBV34,0.09660187597300793,0
2018-07-02,CSAN3,4.645384323470491e-17,0
2018-07-02,MRVE3,3.8273357555215804e-17,0
2018-07-02,BRAX11,4.095531515585425e-17,0
2018-07-02,PIBB11,6.5949606026154125e-18,0
2018-07-02,SLED3,2.511381220204076e-17,0
2018-07-02,BOVV11,1.1239968391386955e-17,0
2018-07-02,ECOO11,8.013098440637172e-17,0
2018-07-02,CEDO4,0.05822478318871123,0
2018-07-02,BOVA11,1.882303085168108e-17,0
2018-07-02,CATP34,0.0973211335930739,0
2018-07-02,GOAU4,9.173975623694912e-18,0
2018-07-02,ITLC34,0.09405401974277615,0
2018-07-02,XBOV11,0.0,0
2018-07-02,HONB34,0.09723079482797611,0
2018-07-02,NATU3,2.1749000288852653e-17,0
2018-07-02,EGIE3,3.554751110676003e-17,0
2018-07-02,SANB4,0.05417476794777406,0
2018-07-02,TMOS34,0.0986003480698852,0
2018-08-01,FDXB34,0.09714237665508442,1
2018-08-01,GMCO34,0.0,1
2018-08-01,LOGN3,0.0,1
2018-08-01,FDMO34,3.4653141330146704e-17,1
2018-08-01,B1BW34,0.0,1
2018-08-01,NIKE34,0.01697262832567914,1
2018-08-01,ACNB34,0.0990130924985094,1
2018-08-01,BLAK34,1.1125352224218166e-16,1
2018-08-01,SCHW34,0.060524833538321346,1
2018-08-01,GPSI34,0.02899476404966882,1
2018-08-01,TSLA34,0.0,1
2018-08-01,BONY34,3.720962420209458e-17,1
2018-08-01,AZEV4,0.0,1
2018-08-01,ENGI4,0.0,1
2018-08-01,SSFO34,0.09887381396514446,1
2018-08-01,HPQB34,0.07811636796954219,1
2018-08-01,VLOE34,0.08820956021153913,1
2018-08-01,CVSH34,0.0,1
2018-08-01,WUNI34,0.009814146330254249,1
2018-08-01,NFLX34,0.009984554817255593,1
2018-08-01,KHCB34,0.0,1
2018-08-01,GPRO34,2.4501063274041066e-17,1
2018-08-01,BALM4,0.023000622116173156,1
2018-08-01,ENMT4,0.08756908414825242,1
2018-08-01,CEDO4,0.012776104900028389,1
2018-08-01,UNIP6,0.07757557725165552,1
2018-08-01,AMZO34,0.09837240191845698,1
2018-08-01,EXXO34,0.0,1
2018-08-01,REDE3,0.052409437386541365,1
2018-08-01,LMTB34,0.06065063391789333,1
2018-09-03,MBRF3,2.5568822682880647e-16,0
2018-09-03,LEVE3,0.034317117316334064,0
2018-09-03,ENMT4,0.09215890581779206,0
2018-09-03,WHRL3,0.048272471580008934,0
2018-09-03,RAIL3,0.01749991486345068,0
2018-09-03,AMER3,2.918612602741192e-17,0
2018-09-03,BHIA3,0.0,0
2018-09-03,TOTS3,5.609884476295129e-17,0
2018-09-03,COCE5,0.0,0
2018-09-03,ISAE3,0.0586634757592021,0
2018-09-03,WLMM4,0.0,0
2018-09-03,MACY34,0.09392405981717868,0
2018-09-03,MGLU3,0.017325327754120882,0
2018-09-03,OIBR3,0.0,0
2018-09-03,HBTS5,0.0,0
2018-09-03,RENT3,0.0040268908898129585,0
2018-09-03,VLID3,3.1535007522081013e-16,0
2018-09-03,ITSA3,0.0,0
2018-09-03,B3SA3,0.0,0
2018-09-03,MRCK34,0.0689297764789775,0
2018-09-03,ITSA4,0.0,0
2018-09-03,SHOW3,0.027681098243786867,0
2018-09-03,SSFO34,0.09454113987697318,0
2018-09-03,GOGL35,0.09697666286350652,0
2018-09-03,BOEI34,0.09497199103296838,0
2018-09-03,BGIP4,0.014999550843355264,0
2018-09-03,CTSH34,0.09715458505058441,0
2018-09-03,JPMC34,0.0967976927246152,0
2018-09-03,GOGL34,0.04175933908733166,0
2018-09-03,FLRY3,0.0,0
2018-10-01,RPAD5,0.03320413714265445,1
2018-10-01,PEAB3,0.05457448277998126,1
2018-10-01,TUPY3,0.0,1
2018-10-01,MWET4,0.003614612322708852,1
2018-10-01,TEND3,0.08956335686562857,1
2018-10-01,WFCO34,5.219220626118074e-17,1
2018-10-01,KLBN3,0.0,1
2018-10-01,GPSI34,0.0,1
2018-10-01,RPAD3,0.0,1
2018-10-01,FIBR3,0.04919873594740744,1
2018-10-01,DHER34,0.09430642632482833,1
2018-10-01,CGAS3,2.4968550490358007e-17,1
2018-10-01,KLBN11,0.0,1
2018-10-01,DUKB34,0.06592836796678944,1
2018-10-01,FRIO3,0.014982743862143957,1
2018-10-01,COWC34,0.07936075018200418,1
2018-10-01,UPSS34,0.0009774958609230634,1
2018-10-01,MRCK34,0.015487186582483997,1
2018-10-01,RYTT34,0.09035690805007576,1
2018-10-01,CRIV3,0.038326795571289506,1
2018-10-01,FLRY3,0.0,1
2018-10-01,FDXB34,3.2173712703397145e-17,1
2018-10-01,SUZB3,0.09122167416123222,1
2018-10-01,MSFT34,0.0972438269674229,1
2018-10-01,PEPB34,1.3202795193081385e-17,1
2018-10-01,MSCD34,0.09585826594096941,1
2018-10-01,GSGI34,0.0,1
2018-10-01,BOAC34,0.0,1
2018-10-01,BERK34,3.454907102018402e-17,1
2018-10-01,COPH34,0.08579423347145651,1
2018-11-01,NIKE34,0.0963472130546981,1
2018-11-01,NFLX34,0.06388202962345971,1
2018-11-01,DHER34,0.04392224810984469,1
2018-11-01,RYTT34,0.06792470731732514,1
2018-11-01,ARMT34,0.0,1
2018-11-01,IBMB34,5.817904661174998e-17,1
2018-11-01,COPH34,0.08926676319688477,1
2018-11-01,MDTC34,0.056560334395618264,1
2018-11-01,METB34,0.0,1
2018-11-01,TEXA34,2.2502787898386928e-18,1
2018-11-01,HOME34,1.2047150122443936e-17,1
2018-11-01,BBYY34,0.09534745773378069,1
2018-11-01,UPAC34,0.04280236538131543,1
2018-11-01,CATP34,0.0,1
2018-11-01,CSCO34,0.0965816487326881,1
2018-11-01,BOAC34,1.0894592442245778e-16,1
2018-11-01,USBC34,4.224485108525886e-17,1
2018-11-01,HPQB34,0.04190479371495635,1
2018-11-01,BIIB34,0.0,1
2018-11-01,COLG34,4.1069587391381355e-17,1
2018-11-01,GOGL35,3.4388802895491264e-17,1
2018-11-01,CHVX34,0.0,1
2018-11-01,SUZB3,0.09860599867527338,1
2018-11-01,AIGB34,0.0,1
2018-11-01,JPMC34,6.845606811844494e-17,1
2018-11-01,ACNB34,0.09984831146915711,1
2018-11-01,BOEI34,0.0974697826819001,1
2018-11-01,GILD34,0.0,1
2018-11-01,HONB34,0.009536345913097726,1
2018-11-01,SLBG34,0.0,1
2018-12-03,ENGI3,0.0,0
2018-12-03,DTCY3,1.7575086679301902e-16,0
2018-12-03,TXRX4,0.0,0
2018-12-03,MWET4,0.03142386664722342,0
2018-12-03,CTKA4,0.0,0
2018-12-03,RIGG34,1.8541899827288474e-17,0
2018-12-03,CRIV4,0.022499070090089078,0
2018-12-03,CAML3,3.5606397636240995e-17,0
2018-12-03,SLCE3,0.0998850634353188,0
2018-12-03,BRIV4,0.02449355206380939,0
2018-12-03,GOAU3,0.07607058013005354,0
2018-12-03,VSTE3,0.0,0
2018-12-03,PFRM3,0.0,0
2018-12-03,SMTO3,0.0,0
2018-12-03,AAPL34,0.06966494006834562,0
2018-12-03,TAEE3,0.06890881448414116,0
2018-12-03,LIGT3,9.609623197313511e-17,0
2018-12-03,UNIP6,0.07742012072922523,0
2018-12-03,CSNA3,0.0,0
2018-12-03,GOAU4,0.0,0
2018-12-03,RYTT34,0.09650487142642168,0
2018-12-03,UNIP5,0.09289148203901741,0
2018-12-03,FIEI3,0.0,0
2018-12-03,MSPA3,0.09738081611367379,0
2018-12-03,CRPG6,0.09354139663978434,0
2018-12-03,USIM3,0.0,0
2018-12-03,RNEW4,0.0,0
2018-12-03,USIM5,0.0,0
2018-12-03,AXPB34,0.09646811168351734,0
2018-12-03,MAPT4,0.052847314449378936,0
2019-01-02,RCSL4,0.0,0
2019-01-02,BRIV3,1.7299572449027975e-16,0
2019-01-02,HBTS5,0.0,0
2019-01-02,FHER3,3.559225474890303e-17,0
2019-01-02,BSLI3,0.0986485533267909,0
2019-01-02,CVSH34,0.00296508266134648,0
2019-01-02,BRKM5,0.0,0
2019-01-02,EALT3,0.04695782188241217,0
2019-01-02,MSBR34,1.9636392944884878e-16,0
2019-01-02,VIVR3,2.040106906318849e-16,0
2019-01-02,BRKM3,0.026339080776995802,0
2019-01-02,CMIG3,0.09492420032901533,0
2019-01-02,AXPB34,0.0004742001211510056,0
2019-01-02,MOSC34,0.02056914139916581,0
2019-01-02,JNJB34,0.0004794754292127842,0
2019-01-02,CMIG4,0.08308745812847347,0
2019-01-02,TMOS34,0.0999631099219105,0
2019-01-02,WFCO34,0.0,0
2019-01-02,CTGP34,8.152614590968833e-17,0
2019-01-02,BOEI34,0.055486322007896646,0
2019-01-02,IRBR3,0.09164007037131194,0
2019-01-02,CSCO34,0.09528799343866315,0
2019-01-02,BERK34,0.061080477986292174,0
2019-01-02,MRCK34,0.0990850177270093,0
2019-01-02,COGN3,1.6135668612345362e-16,0
2019-01-02,FESA3,0.03309034785003549,0
2019-01-02,JPMC34,0.0,0
2019-01-02,CRPG6,0.08992164664231618,0
2019-01-02,DEAI34,0.0,0
2019-01-02,BOAC34,0.0,0
2019-02-01,TSLA34,0.016435336182507403,1
2019-02-01,PDGR3,1.781967304311445e-15,1
2019-02-01,RPAD6,0.0,1
2019-02-01,BRSR5,0.018244606807075667,1
2019-02-01,CMIG3,0.09583196006188535,1
2019-02-01,PDTC3,8.869528787407269e-16,1
2019-02-01,BOXP34,0.0983516593820373,1
2019-02-01,FBMC4,4.060697223322412e-16,1
2019-02-01,PLAS3,0.005527636757922719,1
2019-02-01,PFIZ34,0.09527391120577733,1
2019-02-01,BBSD11,0.03671337830246193,1
2019-02-01,AXPB34,0.03680165698213674,1
2019-02-01,COCA34,0.09743970231349461,1
2019-02-01,IRBR3,0.09430614466953652,1
2019-02-01,HBTS5,1.7890941071807445e-15,1
2019-02-01,DEAI34,0.0,1
2019-02-01,TCSA3,9.24295520759242e-16,1
2019-02-01,ABTT34,0.09906851273378828,1
2019-02-01,EQTL3,0.09622315650192644,1
2019-02-01,PGCO34,0.031959417489816094,1
2019-02-01,BBAS3,0.0,1
2019-02-01,DTCY3,3.710288594406748e-16,1
2019-02-01,EZTC3,3.2804311328747797e-15,1
2019-02-01,ENEV3,0.07560106854004141,1
2019-02-01,TAEE4,0.061632249041705826,1
2019-02-01,AZZA3,1.0619257949253097e-15,1
2019-02-01,MDTC34,0.03831129459789055,1
2019-02-01,BBDC4,0.0010899533532736383,1
2019-02-01,UPSS34,0.0,1
2019-02-01,TGMA3,0.0011883550767117516,1
2019-03-01,CTSA4,0.0,1
2019-03-01,RSID3,0.0,1
2019-03-01,TASA4,0.07271639963023513,1
2019-03-01,TASA3,0.008284264273556843,1
2019-03-01,HBOR3,0.0,1
2019-03-01,SEER3,0.0,1
2019-03-01,BDLL4,0.0,1
2019-03-01,BIOM3,0.0,1
2019-03-01,TECN3,0.0,1
2019-03-01,BNBR3,0.09762161923658942,1
2019-03-01,HYPE3,0.0,1
2019-03-01,BBSE3,0.03486368664629383,1
2019-03-01,MRVE3,0.0,1
2019-03-01,EVEN3,0.0,1
2019-03-01,TEND3,0.09682261329084209,1
2019-03-01,VLOE34,0.09882729835868073,1
2019-03-01,MBRF3,0.0,1
2019-03-01,BRGE3,0.09931972035070209,1
2019-03-01,GRND3,0.0,1
2019-03-01,PTNT4,0.020815777729187634,1
2019-03-01,CPFE3,0.09978076180422343,1
2019-03-01,VLID3,0.053445299522737875,1
2019-03-01,ALUP11,0.09659226016500426,1
2019-03-01,AXIA3,0.034346608539021224,1
2019-03-01,ABCB4,0.0,1
2019-03-01,TCSA3,0.0,1
2019-03-01,PTBL3,1.0816820039030034e-16,1
2019-03-01,CRPG3,0.09516748207489419,1
2019-03-01,PETR3,0.09139620837803113,1
2019-03-01,CTKA4,0.0,1
2019-04-01,EKTR3,7.115044156365754e-17,0
2019-04-01,RPAD6,0.09887301134820765,0
2019-04-01,CSUD3,0.0,0
2019-04-01,FESA4,0.0,0
2019-04-01,CTKA4,0.0,0
2019-04-01,BRGE12,0.09894708565507108,0
2019-04-01,HETA4,0.0,0
2019-04-01,HBTS5,0.04990783269606191,0
2019-04-01,MDIA3,4.769709149127187e-17,0
2019-04-01,CGRA3,0.0,0
2019-04-01,BOEI34,0.09731563576172532,0
2019-04-01,NEXP3,0.0,0
2019-04-01,PSSA3,0.05812047536532037,0
2019-04-01,TXRX4,0.02180812575187599,0
2019-04-01,VULC3,8.400950003309363e-17,0
2019-04-01,VSTE3,0.007325335748195291,0
2019-04-01,USIM6,0.0,0
2019-04-01,CAML3,2.0992239506239748e-17,0
2019-04-01,CMIG3,0.0920164802102588,0
2019-04-01,UNIP3,0.09195123134501614,0
2019-04-01,ENMT4,0.08912028565546697,0
2019-04-01,COCE5,0.0,0
2019-04-01,MOVI3,0.08777792699645152,0
2019-04-01,DASA3,0.025746585801674996,0
2019-04-01,CGRA4,0.0,0
2019-04-01,UNIP5,0.08377497561215284,0
2019-04-01,BAUH4,0.09731501205252073,0
2019-04-01,BRGE6,0.0,0
2019-04-01,BMKS3,2.2828043210458233e-17,0
2019-04-01,ISUS11,1.1768094027962094e-16,0
2019-05-02,VIVR3,2.285472475491292e-15,1
2019-05-02,USIM5,1.2513262708891518e-15,1
2019-05-02,AZEV3,2.235279235330913e-15,1
2019-05-02,TELB3,9.188523130344624e-16,1
2019-05-02,PATI3,0.09781935974673449,1
2019-05-02,ENGI3,0.01181611164426069,1
2019-05-02,JFEN3,5.837593293068626e-16,1
2019-05-02,CRPG3,0.09383137865067238,1
2019-05-02,PATI4,0.09747996465606872,1
2019-05-02,RPAD6,5.237384158457453e-16,1
2019-05-02,BRKM3,9.002363287988258e-16,1
2019-05-02,ALUP4,0.05127986279225418,1
2019-05-02,RAPT4,6.087983908513082e-16,1
2019-05-02,RCSL3,2.7016504938914472e-15,1
2019-05-02,WLMM4,9.605832705352973e-16,1
2019-05-02,LILY34,0.09499291927686844,1
2019-05-02,COGN3,4.341955738585568e-16,1
2019-05-02,RSID3,8.989607785417582e-16,1
2019-05-02,MYPK3,6.13766929253383e-16,1
2019-05-02,HBOR3,6.712256209886152e-16,1
2019-05-02,XRXB34,0.09793880872826383,1
2019-05-02,CRPG6,0.09244482850469903,1
2019-05-02,MOAR3,0.0767661450592128,1
2019-05-02,BRSR5,0.06740959788736707,1
2019-05-02,FRIO3,0.006088538489314619,1
2019-05-02,CEDO3,6.061645173842e-16,1
2019-05-02,MATB11,0.0019844453214415427,1
2019-05-02,RAIL3,0.054093704365780475,1
2019-05-02,SBUB34,0.09504219468427971,1
2019-05-02,ITLC34,0.061012140192766004,1
2019-06-03,FCXO34,0.0,1
2019-06-03,ITLC34,2.449299238001899e-16,1
2019-06-03,CTNM4,0.010011970973843537,1
2019-06-03,AMAR3,0.0,1
2019-06-03,CRIV3,0.03146862351297426,1
2019-06-03,COCE3,0.020522093957050198,1
2019-06-03,USIM6,0.0,1
2019-06-03,AAPL34,7.968853284066916e-17,1
2019-06-03,WLMM3,5.722012364691179e-17,1
2019-06-03,MMMC34,0.0,1
2019-06-03,BPAC11,0.09550375406040938,1
2019-06-03,SBUB34,0.07308235443381972,1
2019-06-03,MDLZ34,0.09874799873975788,1
2019-06-03,CSMG3,0.08393822912440484,1
2019-06-03,ENMT4,0.086150841400368,1
2019-06-03,TEXA34,1.1964385979253474e-16,1
2019-06-03,FDXB34,6.753088638415821e-17,1
2019-06-03,CATP34,0.0,1
2019-06-03,BRGE11,0.043702951860953895,1
2019-06-03,HONB34,0.0709021342353927,1
2019-06-03,CTGP34,1.628467097036246e-16,1
2019-06-03,CSCO34,0.01565575818001833,1
2019-06-03,ROST34,0.05483856907978133,1
2019-06-03,PGCO34,0.09932018210782907,1
2019-06-03,MERC4,0.037161346399783225,1
2019-06-03,MSCD34,0.09327277203515912,1
2019-06-03,COLG34,0.06681546204758745,1
2019-06-03,GDBR34,4.20917079430115e-17,1
2019-06-03,SAPR3,0.009471727763162695,1
2019-06-03,MGEL4,0.00943323008770376,1
2019-07-01,EALT3,5.841671327501664e-17,0
2019-07-01,TELB3,0.0,0
2019-07-01,FDMO34,3.313075720476452e-17,0
2019-07-01,RSUL4,0.0917462704717727,0
2019-07-01,CTKA3,0.01083297703023299,0
2019-07-01,EQPA5,0.016376820279238213,0
2019-07-01,DOHL4,0.014859212635094057,0
2019-07-01,SSFO34,0.01934196488218508,0
2019-07-01,DTCY3,0.004708409308303804,0
2019-07-01,JFEN3,5.690780422786665e-18,0
2019-07-01,BPAC5,0.07185276127378958,0
2019-07-01,BPAC11,0.09245700178815941,0
2019-07-01,RNEW4,0.0,0
2019-07-01,BLAK34,0.011200318235000761,0
2019-07-01,HBTS5,0.00018420057849097767,0
2019-07-01,PRIO3,0.033153098105114284,0
2019-07-01,COPH34,6.08928952266465e-17,0
2019-07-01,EGIE3,0.09399803774842487,0
2019-07-01,SOND5,0.07561893830121881,0
2019-07-01,BRGE3,0.0442954433982906,0
2019-07-01,ISAE4,0.09032197124699357,0
2019-07-01,UBSG34,0.0,0
2019-07-01,MBRF3,0.0,0
2019-07-01,METB34,0.00480898042893685,0
2019-07-01,ENEV3,0.09183142346716627,0
2019-07-01,BRGE8,0.09655426217664978,0
2019-07-01,WLMM3,0.0024991876472761016,0
2019-07-01,UPAC34,0.040529515081984976,0
2019-07-01,BMYB34,0.0,0
2019-07-01,ORCL34,0.09282920591567613,0
2019-08-01,RPAD5,0.09778135303992692,0
2019-08-01,BRGE11,0.09720660501231582,0
2019-08-01,BAUH4,0.09246308511744106,0
2019-08-01,BRGE6,0.02232883050960528,0
2019-08-01,EQPA5,0.023055668445823352,0
2019-08-01,BRIV3,0.013227656321344306,0
2019-08-01,HBTS5,0.008327641722970106,0
2019-08-01,MSPA3,0.028410443782348294,0
2019-08-01,TCSA3,1.9016002033787366e-17,0
2019-08-01,EBAY34,0.009387272650147252,0
2019-08-01,DUKB34,0.09794900893392644,0
2019-08-01,UNIP5,0.0,0
2019-08-01,GGBR3,0.0,0
2019-08-01,RPAD6,0.03838960641018476,0
2019-08-01,BBAS3,2.451150588973344e-16,0
2019-08-01,BPAC11,0.09836635580727317,0
2019-08-01,BBDC4,2.997033646031763e-17,0
2019-08-01,UNIP6,0.0,0
2019-08-01,BBDC3,9.957946692442945e-17,0
2019-08-01,BRPR3,0.0,0
2019-08-01,CMIG3,0.09344642452857746,0
2019-08-01,PETR3,0.0,0
2019-08-01,GRND3,1.907875637023694e-17,0
2019-08-01,CGRA4,0.07033094468936692,0
2019-08-01,PFIZ34,0.09537441638444837,0
2019-08-01,UNIP3,0.018117157883377456,0
2019-08-01,ITSA4,2.1506273580227358e-16,0
2019-08-01,FIND11,0.06728568996252661,0
2019-08-01,BRAP3,0.028551838798395787,0
2019-08-01,GGBR4,0.0,0
2019-09-02,OSXB3,0.0,0
2019-09-02,FESA3,0.01320896614918461,0
2019-09-02,PEAB3,0.016818355325899467,0
2019-09-02,BIOM3,0.0,0
2019-09-02,COGN3,1.923436291306814e-16,0
2019-09-02,BAZA3,0.09725438757180098,0
2019-09-02,BRAP3,0.004524204866750913,0
2019-09-02,CRPG6,0.0972688774175296,0
2019-09-02,CAML3,1.0597651998009634e-17,0
2019-09-02,BRAP4,0.006805338723928562,0
2019-09-02,GEPA3,0.06288894646857844,0
2019-09-02,BALM4,0.036449215550389415,0
2019-09-02,WHRL4,7.916094577631198e-17,0
2019-09-02,AXIA5,0.09904286570269163,0
2019-09-02,GEOO34,0.0,0
2019-09-02,TUPY3,4.3907796740443044e-17,0
2019-09-02,IBMB34,0.01973362970459732,0
2019-09-02,BRSR5,0.04751623800245875,0
2019-09-02,EGIE3,0.09793286381198282,0
2019-09-02,ABEV3,1.5622250831332514e-17,0
2019-09-02,PATI4,0.09575277036773763,0
2019-09-02,CTNM4,0.018637482271203234,0
2019-09-02,BRGE3,0.045927841602955835,0
2019-09-02,BPAN4,0.09817930696375068,0
2019-09-02,BDLL4,4.411256253859334e-17,0
2019-09-02,VLOE34,3.313335750345605e-17,0
2019-09-02,BBDC4,0.04651150782001732,0
2019-09-02,SMTO3,2.0606853872147444e-17,0
2019-09-02,UNIP6,3.079132565237126e-17,0
2019-09-02,JOPA3,0.09554720167854236,0
2019-10-01,RPAD5,0.03444563141768765,1
2019-10-01,BPAC3,0.09778239896945666,1
2019-10-01,ETER3,1.6973182533703393e-16,1
2019-10-01,BRIV3,8.883452190247761e-17,1
2019-10-01,SAPR3,0.09478034160726143,1
2019-10-01,PMAM3,0.0,1
2019-10-01,PINE4,1.0721435275166866e-16,1
2019-10-01,AXIA3,0.01966940953253746,1
2019-10-01,CMIG3,0.0945340914201171,1
2019-10-01,MTSA4,0.05365263819307081,1
2019-10-01,MWET4,0.004411330902902638,1
2019-10-01,TELB4,6.615519481895194e-18,1
2019-10-01,CRPG5,1.7836499966640017e-17,1
2019-10-01,WLMM4,0.07316278292524935,1
2019-10-01,SLED4,0.0,1
2019-10-01,AXIA6,0.005301401602587182,1
2019-10-01,MRCK34,0.09786760974169231,1
2019-10-01,CRPG6,0.015580924039909875,1
2019-10-01,HSHY34,0.0976785005168835,1
2019-10-01,BRIV4,0.057692105281744545,1
2019-10-01,COCE3,0.036851715124606034,1
2019-10-01,AMGN34,5.456147882902037e-17,1
2019-10-01,SAPR4,0.09807540331835368,1
2019-10-01,TCSA3,0.0,1
2019-10-01,BRGE8,2.0463655193312712e-17,1
2019-10-01,MERC3,0.0,1
2019-10-01,TEKA3,2.0693884857915325e-18,1
2019-10-01,DXCO3,0.005988661280965764,1
2019-10-01,GOGL34,0.01363045963198041,1
2019-10-01,BMEB3,0.09889459449299313,1
2019-11-01,EQPA5,0.0,0
2019-11-01,BRGE3,0.021951313991591986,0
2019-11-01,BMIN4,0.0029748968773395923,0
2019-11-01,SNSY5,0.0910442561236869,0
2019-11-01,HBTS5,9.245045602864007e-05,0
2019-11-01,BRGE11,0.09378725871087958,0
2019-11-01,CTSA3,3.60897682727182e-17,0
2019-11-01,EKTR3,0.01330110756399634,0
2019-11-01,MEAL3,0.005188288776853437,0
2019-11-01,CRPG3,0.054955821869940635,0
2019-11-01,ARNC34,0.016826300790327844,0
2019-11-01,FMXB34,0.058129012209834255,0
2019-11-01,DHER34,0.09808591086282072,0
2019-11-01,BAUH4,0.08383600355538999,0
2019-11-01,CVSH34,0.0,0
2019-11-01,PCAR3,0.035446286707823814,0
2019-11-01,PATI3,0.06335494694999878,0
2019-11-01,TXRX3,0.009223748515154543,0
2019-11-01,COLG34,0.0002678230895399268,0
2019-11-01,AIGB34,0.05501377995015686,0
2019-11-01,NIKE34,0.04893200469744578,0
2019-11-01,BRSR5,0.04322885281474669,0
2019-11-01,PEAB4,0.09424168371573263,0
2019-11-01,FESA3,0.009936382813912384,0
2019-11-01,RCSL4,0.0011376546568798863,0
2019-11-01,NEXP3,0.0,0
2019-11-01,PNVL3,0.03189638324165753,0
2019-11-01,BRGE6,2.7245231647463297e-17,0
2019-11-01,VULC3,0.01755219886133924,0
2019-11-01,ABTT34,0.04959563219692208,0
2019-12-02,CEDO3,0.02506956451769595,1
2019-12-02,RPAD3,0.08978220279032197,1
2019-12-02,SGPS3,1.9419073003416053e-15,1
2019-12-02,BAUH4,0.09049475709798617,1
2019-12-02,CEDO4,7.754257043345345e-16,1
2019-12-02,MNDL3,0.013599580716454278,1
2019-12-02,BBDC3,2.037706567055095e-15,1
2019-12-02,TEKA3,0.0058985020293267215,1
2019-12-02,CTNM4,0.0014416100232027746,1
2019-12-02,BRSR5,0.0545813973778407,1
2019-12-02,SANB11,1.9177867570955646e-15,1
2019-12-02,ITUB4,1.4620295550382975e-15,1
2019-12-02,UCAS3,0.021321655185461755,1
2019-12-02,SANB3,1.8521771285696064e-15,1
2019-12-02,AXIA3,2.6427099755414705e-15,1
2019-12-02,MRSA6B,0.09585693489257027,1
2019-12-02,AAPL34,0.09307725846553,1
2019-12-02,BBDC4,1.9678977845324326e-15,1
2019-12-02,PFRM3,1.9410261189621476e-15,1
2019-12-02,AIGB34,0.09655676743519412,1
2019-12-02,RADL3,0.09720046296380572,1
2019-12-02,BPAC11,0.09730032962494119,1
2019-12-02,MDIA3,1.5321435305361774e-15,1
2019-12-02,ITSA4,1.7349061291859641e-15,1
2019-12-02,ITUB3,1.8065493228692164e-15,1
2019-12-02,EVEN3,0.055872115901240436,1
2019-12-02,EQPA7,1.1226097791477576e-15,1
2019-12-02,B3SA3,0.06543113670319947,1
2019-12-02,HYPE3,1.0140654330423519e-15,1
2019-12-02,WEGE3,0.09651572427520486,1
2020-01-02,BOEI34,0.0,0
2020-01-02,BEEF3,0.095388992546106,0
2020-01-02,BRSR5,0.01743302393605518,0
2020-01-02,DISB34,0.011609419983741476,0
2020-01-02,ORCL34,0.007512037721137654,0
2020-01-02,HOME34,0.028706420410689704,0
2020-01-02,UPSS34,3.680455850868282e-17,0
2020-01-02,COTY34,0.0,0
2020-01-02,EBAY34,0.0,0
2020-01-02,HONB34,0.0970806549529258,0
2020-01-02,JHSF3,0.08024616484598417,0
2020-01-02,GEOO34,0.022612048707144828,0
2020-01-02,RYTT34,0.06241047231339523,0
2020-01-02,M1TA34,0.023096193204476933,0
2020-01-02,QCOM34,0.0,0
2020-01-02,SANB3,2.552949590652278e-17,0
2020-01-02,UCAS3,0.0352606869660021,0
2020-01-02,CHVX34,0.01073463146793375,0
2020-01-02,SSFO34,0.036714383372999045,0
2020-01-02,USBC34,0.055890263032751124,0
2020-01-02,PEAB3,0.09726508253122994,0
2020-01-02,COWC34,0.09679680746837721,0
2020-01-02,EQPA5,0.0,0
2020-01-02,MSBR34,0.02964337261306374,0
2020-01-02,WFCO34,0.0,0
2020-01-02,ITLC34,0.011736762892707704,0
2020-01-02,IVVB11,0.04254686764354143,0
2020-01-02,UPAC34,0.037917521559866066,0
2020-01-02,HPQB34,4.7310583712424384e-17,0
2020-01-02,DUKB34,0.09939819182987078,0
2020-02-03,SOND6,0.09675649786745368,0
2020-02-03,SANB3,0.0,0
2020-02-03,AHEB3,0.024069455372964822,0
2020-02-03,SANB4,0.0,0
2020-02-03,CEED3,0.09221480634445947,0
2020-02-03,SHOW3,0.0,0
2020-02-03,BRGE12,0.0767142603080334,0
2020-02-03,EZTC3,0.09421580237126578,0
2020-02-03,HBOR3,0.06458368976999566,0
2020-02-03,BRAP3,0.005929495946026849,0
2020-02-03,PATI4,0.03009526779748349,0
2020-02-03,ENMT4,0.09632328578517889,0
2020-02-03,ARMT34,0.0,0
2020-02-03,BRAP4,6.021693009550574e-17,0
2020-02-03,PMAM3,0.0,0
2020-02-03,GEPA3,0.0972975877205988,0
2020-02-03,TGMA3,0.006977445382297291,0
2020-02-03,SANB11,0.0,0
2020-02-03,GOAU3,1.6071855448547796e-17,0
2020-02-03,UNIP6,9.19924289248771e-17,0
2020-02-03,BMKS3,5.577323214138733e-17,0
2020-02-03,SMTO3,0.08403718632581987,0
2020-02-03,TIMS3,0.05611427904045587,0
2020-02-03,CAML3,3.525102230667088e-17,0
2020-02-03,PRIO3,0.0978909752287535,0
2020-02-03,MERC4,0.029477255292383393,0
2020-02-03,DOHL4,0.047302709446828774,0
2020-02-03,ITSA4,1.385077949123294e-16,0
2020-02-03,RAIL3,0.0,0
2020-02-03,UGPA3,1.9095744950981595e-17,0
2020-03-02,MWET4,0.005079210190355821,2
2020-03-02,CEDO4,0.0,2
2020-03-02,UNIP5,0.0,2
2020-03-02,UNIP6,0.0,2
2020-03-02,BAZA3,0.08337478294350914,2
2020-03-02,PDGR3,0.0,2
2020-03-02,PDTC3,0.0,2
2020-03-02,TCSA3,0.0,2
2020-03-02,BAUH4,0.09302309061195087,2
2020-03-02,JOPA3,0.09951153366382046,2
2020-03-02,UNIP3,0.0,2
2020-03-02,UGPA3,0.0,2
2020-03-02,LPSB3,0.02394650916161932,2
2020-03-02,MYPK3,0.0,2
2020-03-02,TASA4,0.0,2
2020-03-02,CTNM4,0.0,2
2020-03-02,BRKM5,0.0,2
2020-03-02,TASA3,0.0,2
2020-03-02,BRKM3,0.0,2
2020-03-02,LEVE3,0.047056825931072105,2
2020-03-02,TPIS3,0.0,2
2020-03-02,IRBR3,0.09642423323091158,2
2020-03-02,BRGE11,0.09900415391075662,2
2020-03-02,TUPY3,0.07560624118516225,2
2020-03-02,SHOW3,0.0,2
2020-03-02,EZTC3,0.09645911866399932,2
2020-03-02,ABCB4,0.03896770751037118,2
2020-03-02,CEDO3,0.04825710373826235,2
2020-03-02,CTGP34,0.0991962784900267,2
2020-03-02,SEER3,0.09409321076818226,2
2020-04-01,EQTL3,0.09375127014157301,2
2020-04-01,USIM5,0.0,2
2020-04-01,COGN3,0.0,2
2020-04-01,ABCB4,4.732241718134892e-17,2
2020-04-01,MOVI3,0.08788484250728525,2
2020-04-01,RAPT3,5.475073056304724e-16,2
2020-04-01,PETR3,1.4016628422607398e-16,2
2020-04-01,LEVE3,9.6175537696165e-17,2
2020-04-01,LPSB3,0.0,2
2020-04-01,PSSA3,3.865848374637421e-16,2
2020-04-01,RAPT4,0.0,2
2020-04-01,VULC3,2.194038795112985e-17,2
2020-04-01,AALR3,7.45162414625859e-17,2
2020-04-01,TCSA3,2.1379767129423435e-17,2
2020-04-01,BPAN4,0.09067232868036679,2
2020-04-01,USIM3,0.0,2
2020-04-01,TOTS3,0.09272574215986845,2
2020-04-01,PETR4,0.0,2
2020-04-01,BBSD11,0.08111437400580754,2
2020-04-01,SEER3,0.0,2
2020-04-01,BPAC11,0.09012097098506056,2
2020-04-01,BBDC3,4.3004657880714906e-17,2
2020-04-01,EVEN3,0.09002497249552763,2
2020-04-01,MILS3,2.367570586485463e-16,2
2020-04-01,DIVO11,0.09413354061926849,2
2020-04-01,GRND3,0.09237152553901908,2
2020-04-01,HOOT4,3.66094431311622e-17,2
2020-04-01,CPFE3,0.09378643452069949,2
2020-04-01,PIBB11,2.168404344971007e-16,2
2020-04-01,BOVA11,0.09341399834552176,2
2020-05-04,MWET3,0.03333333333333333,2
2020-05-04,VALE5,0.03333333333333333,2
2020-05-04,AHEB6,0.03333333333333333,2
2020-05-04,FBMC3,0.03333333333333333,2
2020-05-04,FIGE3,0.03333333333333333,2
2020-05-04,HETA3,0.03333333333333333,2
2020-05-04,MTIG3,0.03333333333333333,2
2020-05-04,TKNO3,0.03333333333333333,2
2020-05-04,MSPA4,0.03333333333333333,2
2020-05-04,VSTE3,0.03333333333333333,2
2020-05-04,MERC3,0.03333333333333333,2
2020-05-04,MRSA5B,0.03333333333333333,2
2020-05-04,ECPR3,0.03333333333333333,2
2020-05-04,SOND5,0.03333333333333333,2
2020-05-04,SGPS3,0.03333333333333333,2
2020-05-04,CEED4,0.03333333333333333,2
2020-05-04,LFFE4,0.03333333333333333,2
2020-05-04,HSHY34,0.03333333333333333,2
2020-05-04,MAPT3,0.03333333333333333,2
2020-05-04,BDLL3,0.03333333333333333,2
2020-05-04,CEEB5,0.03333333333333333,2
2020-05-04,CREM3,0.03333333333333333,2
2020-05-04,CASN3,0.03333333333333333,2
2020-05-04,MRSA6B,0.03333333333333333,2
2020-05-04,FBMC4,0.03333333333333333,2
2020-05-04,NATU3,0.03333333333333333,2
2020-05-04,LFFE3,0.03333333333333333,2
2020-05-04,DOHL3,0.03333333333333333,2
2020-05-04,BTTL4,0.03333333333333333,2
2020-05-04,TKNO4,0.03333333333333333,2
2020-06-01,PHMO34,0.09340129166425584,1
2020-06-01,MDTC34,0.0,1
2020-06-01,IBMB34,0.0,1
2020-06-01,SCHW34,0.0,1
2020-06-01,PEAB3,0.050755045530666044,1
2020-06-01,PEPB34,0.0957012723766826,1
2020-06-01,MRCK34,0.0,1
2020-06-01,USBC34,0.0,1
2020-06-01,PGCO34,0.040005820000001406,1
2020-06-01,BAUH4,0.08142203107838962,1
2020-06-01,COWC34,0.0959359303867503,1
2020-06-01,KMBB34,0.09690004982424394,1
2020-06-01,NIKE34,0.00026643695467930614,1
2020-06-01,ABTT34,0.0,1
2020-06-01,TEXA34,0.0,1
2020-06-01,DUKB34,0.05807468842443065,1
2020-06-01,PFIZ34,0.0,1
2020-06-01,VERZ34,0.0012874438326343704,1
2020-06-01,HONB34,0.06509558422925955,1
2020-06-01,CATP34,0.017452547329365464,1
2020-06-01,WALM34,0.0,1
2020-06-01,NFLX34,0.028327150505824544,1
2020-06-01,NORD3,0.017629238212476618,1
2020-06-01,ITLC34,0.06785391228929677,1
2020-06-01,QCOM34,0.04044484058508857,1
2020-06-01,LILY34,0.052528775657962164,1
2020-06-01,GILD34,0.0,1
2020-06-01,MDLZ34,0.0,1
2020-06-01,GSGI34,0.0,1
2020-06-01,ACNB34,0.09691794111799214,1
2020-07-01,LILY34,0.07763723346270121,0
2020-07-01,GMCO34,5.663847796925488e-17,0
2020-07-01,KMBB34,0.07394385077144386,0
2020-07-01,BRKM3,9.525433858364262e-17,0
2020-07-01,WEGE3,0.08470758571531228,0
2020-07-01,PFIZ34,4.540106863411943e-17,0
2020-07-01,SBUB34,0.0,0
2020-07-01,BMKS3,0.0,0
2020-07-01,CATP34,0.0,0
2020-07-01,CPFE3,0.030310563709097297,0
2020-07-01,SLCE3,0.007287380211280975,0
2020-07-01,MACY34,8.112659820667256e-17,0
2020-07-01,CEGR3,0.09806356002050452,0
2020-07-01,B1BW34,4.2130586550040496e-17,0
2020-07-01,BOXP34,0.013630938435257011,0
2020-07-01,WHRL3,0.038092061729397414,0
2020-07-01,KEPL3,0.07785101619950596,0
2020-07-01,DISB34,0.0,0
2020-07-01,CHVX34,2.285945043864577e-17,0
2020-07-01,RSUL4,0.08609769702875032,0
2020-07-01,SUZB3,1.6064687157818757e-17,0
2020-07-01,MDIA3,0.0,0
2020-07-01,PRIO3,0.0506341057013243,0
2020-07-01,GOGL35,0.08462937705646258,0
2020-07-01,IBMB34,0.019763092430252153,0
2020-07-01,BIIB34,0.009183280162742703,0
2020-07-01,COPH34,5.970888856378766e-19,0
2020-07-01,CGAS5,0.09227443173409983,0
2020-07-01,BMYB34,0.08704104489954946,0
2020-07-01,BAUH4,0.06885278073231764,0
2020-08-03,AALL34,3.758991473667941e-17,1
2020-08-03,IRBR3,0.0,1
2020-08-03,FESA3,0.0,1
2020-08-03,HAGA3,1.1167026782956587e-16,1
2020-08-03,GSGI34,1.8778717791126066e-17,1
2020-08-03,AMAR3,0.046872447133857124,1
2020-08-03,BOXP34,0.09968490992052627,1
2020-08-03,TASA3,0.03229830597229513,1
2020-08-03,WEGE3,0.09350326465700648,1
2020-08-03,WALM34,0.09852111252153468,1
2020-08-03,NFLX34,0.023252153309004365,1
2020-08-03,CLSC4,0.025051179360488764,1
2020-08-03,PTNT3,3.27241988013415e-17,1
2020-08-03,MACY34,2.3425332798655724e-17,1
2020-08-03,BMEB3,0.02725566569630447,1
2020-08-03,PETR3,4.7175460327349586e-17,1
2020-08-03,AMZO34,0.0986717207467053,1
2020-08-03,BOEI34,5.438520855490282e-17,1
2020-08-03,COPH34,3.291657557710128e-17,1
2020-08-03,GOGL35,0.05276834696212186,1
2020-08-03,CVSH34,0.07921342639053325,1
2020-08-03,MSBR34,0.09672853161184596,1
2020-08-03,MEAL3,0.0,1
2020-08-03,PETR4,0.007460062209774763,1
2020-08-03,CSMG3,0.0,1
2020-08-03,GDBR34,0.0,1
2020-08-03,BAUH4,0.0933414383362288,1
2020-08-03,TEXA34,0.029302260998592955,1
2020-08-03,AMGN34,0.0960751741731793,1
2020-08-03,GILD34,6.667324408014664e-17,1
2020-09-01,COGN3,0.0,0
2020-09-01,BRGE8,1.2312586789899435e-17,0
2020-09-01,PFRM3,0.05277769215335925,0
2020-09-01,RADL3,0.09578476584740377,0
2020-09-01,ABEV3,4.291670744849904e-17,0
2020-09-01,FRIO3,0.031836970088877724,0
2020-09-01,LIGT3,0.0,0
2020-09-01,RCSL4,0.011076016138311795,0
2020-09-01,RPAD3,0.0,0
2020-09-01,SBSP3,0.0,0
2020-09-01,BPAN4,7.893173365994849e-17,0
2020-09-01,PCAR3,0.0,0
2020-09-01,PATI3,0.012612215593667897,0
2020-09-01,PNVL3,0.09701725028018313,0
2020-09-01,MAPT4,1.2911324255708276e-16,0
2020-09-01,RCSL3,0.021416826890065816,0
2020-09-01,OSXB3,0.04438118410609235,0
2020-09-01,MBRF3,0.09349333182995356,0
2020-09-01,TKNO4,0.09960879979153577,0
2020-09-01,CYRE3,0.08978968621087258,0
2020-09-01,ITUB4,0.0,0
2020-09-01,GILD34,0.0992985591897249,0
2020-09-01,ITUB3,0.0,0
2020-09-01,ITSA4,0.0,0
2020-09-01,MDIA3,0.09332844319889756,0
2020-09-01,BRGE11,0.0,0
2020-09-01,CSMG3,2.974611105613801e-17,0
2020-09-01,HYPE3,0.0242052538634171,0
2020-09-01,ENGI4,0.03866484842648256,0
2020-09-01,BPAC5,0.094708156391154,0
2020-10-01,PRIO3,0.09907661870113205,1
2020-10-01,PSSA3,0.0,1
2020-10-01,HALI34,0.06821477749086664,1
2020-10-01,BMYB34,0.09997839851935446,1
2020-10-01,MBRF3,0.07402054511428502,1
2020-10-01,IBMB34,0.05734381600415112,1
2020-10-01,CSUD3,0.09531489532769144,1
2020-10-01,KMBB34,0.09827684964260869,1
2020-10-01,DASA3,0.051730182521533115,1
2020-10-01,M1TA34,0.09882062523402624,1
2020-10-01,CSAN3,0.07210146317377145,1
2020-10-01,GPRO34,0.027792797646192437,1
2020-10-01,BPAC3,0.02452616130872307,1
2020-10-01,CTGP34,0.0,1
2020-10-01,FDMO34,0.0,1
2020-10-01,BIIB34,0.0,1
2020-10-01,WIZC3,0.0,1
2020-10-01,TELB3,0.0,1
2020-10-01,TELB4,8.551323122181948e-17,1
2020-10-01,USBC34,3.9109275837619384e-17,1
2020-10-01,COCE3,0.034468957402863855,1
2020-10-01,RAIL3,8.158319756454977e-17,1
2020-10-01,COLG34,0.09833391191280012,1
2020-10-01,GFSA3,0.0,1
2020-10-01,VLOE34,0.0,1
2020-10-01,AXIA6,0.0,1
2020-10-01,CHVX34,0.0,1
2020-10-01,RPMG3,2.097725384729834e-16,1
2020-10-01,BONY34,3.2506907506819086e-17,1
2020-10-01,EXXO34,0.0,1
2020-11-03,SOND5,0.024752486749990837,0
2020-11-03,CLSC3,0.0,0
2020-11-03,AXIA5,0.031522027095516714,0
2020-11-03,PCAR3,0.0,0
2020-11-03,BDLL4,2.0821778463204435e-16,0
2020-11-03,FESA3,0.0,0
2020-11-03,FDXB34,0.08974263481142589,0
2020-11-03,UPAC34,0.0,0
2020-11-03,IBMB34,7.092505152727116e-17,0
2020-11-03,UGPA3,4.0542187327289076e-17,0
2020-11-03,TMOS34,0.08925426746322176,0
2020-11-03,MSCD34,7.07157443733199e-18,0
2020-11-03,ITLC34,1.8954828391137188e-17,0
2020-11-03,MCDC34,0.06894733509024865,0
2020-11-03,HPQB34,0.08363898052701932,0
2020-11-03,PEAB4,0.07481215898610827,0
2020-11-03,EQPA5,0.0,0
2020-11-03,CRIV3,0.0,0
2020-11-03,ALPA3,0.049175235432929426,0
2020-11-03,BBYY34,0.09621600915720357,0
2020-11-03,ROST34,2.0069171813628837e-17,0
2020-11-03,FCXO34,0.09244199679407279,0
2020-11-03,AMGN34,0.03391564973338797,0
2020-11-03,CGAS5,0.04706342639191896,0
2020-11-03,PEAB3,4.407143632913304e-17,0
2020-11-03,MATB11,0.0979760645652436,0
2020-11-03,TXRX3,1.1015681264290315e-16,0
2020-11-03,SBUB34,0.0208697665003098,0
2020-11-03,COWC34,0.0996719607014018,0
2020-11-03,MDTC34,1.6311714100812696e-16,0
2020-12-01,MDTC34,0.009140546249420647,1
2020-12-01,RPAD5,0.010817423402940953,1
2020-12-01,MSPA3,6.19453087031546e-17,1
2020-12-01,COCA34,0.08189590212216591,1
2020-12-01,BONY34,2.9107915788944994e-18,1
2020-12-01,BERK34,6.226475923827768e-17,1
2020-12-01,CGAS5,0.016460893593723127,1
2020-12-01,DTCY3,3.161964168195796e-17,1
2020-12-01,ENEV3,0.09252546561791158,1
2020-12-01,CRPG3,0.0,1
2020-12-01,MSCD34,0.0,1
2020-12-01,DHER34,0.0970664569635605,1
2020-12-01,BMEB3,0.011959890868672999,1
2020-12-01,AXIA5,0.0,1
2020-12-01,KEPL3,0.07320352376309731,1
2020-12-01,HOME34,0.0985628990607769,1
2020-12-01,CGAS3,3.468791163163982e-17,1
2020-12-01,COLG34,0.09828327858312093,1
2020-12-01,COCE5,5.830256816126908e-17,1
2020-12-01,TAEE11,0.05171551433615047,1
2020-12-01,PGCO34,0.09879525159776809,1
2020-12-01,ISUS11,0.0,1
2020-12-01,JPMC34,0.0,1
2020-12-01,UNIP6,0.05152965498397848,1
2020-12-01,ISAE4,0.014728060159777913,1
2020-12-01,FRAS3,0.09932502118517891,1
2020-12-01,VISA34,0.009791396729007085,1
2020-12-01,PFIZ34,5.964792779674982e-18,1
2020-12-01,BRAP3,0.06599423104010098,1
2020-12-01,BRAP4,0.018204589742646996,1
2021-01-04,PEAB4,0.022976575695277876,1
2021-01-04,FRAS3,0.09786617899623107,1
2021-01-04,UNIP6,0.04462041023224117,1
2021-01-04,MDLZ34,0.07355909623708179,1
2021-01-04,EKTR3,0.0,1
2021-01-04,CHVX34,2.888640053569243e-17,1
2021-01-04,METB34,0.0,1
2021-01-04,UNIP3,0.029429071142374155,1
2021-01-04,UPAC34,0.030554781548887595,1
2021-01-04,JOPA3,0.0,1
2021-01-04,DHER34,0.09583794801567119,1
2021-01-04,RPAD6,0.0,1
2021-01-04,AIGB34,0.0,1
2021-01-04,CEGR3,0.07137763932862447,1
2021-01-04,BERK34,1.4604323008262835e-17,1
2021-01-04,ACNB34,0.09657758942561827,1
2021-01-04,DUKB34,1.5950896275337366e-17,1
2021-01-04,SCAR3,0.0,1
2021-01-04,KEPL3,0.027537185663996874,1
2021-01-04,EALT4,7.959458519877635e-17,1
2021-01-04,WLMM4,0.07441645514548405,1
2021-01-04,COLG34,0.09364993279185904,1
2021-01-04,MATB11,0.09299704591093552,1
2021-01-04,GOAU3,1.1361841531122493e-16,1
2021-01-04,SSFO34,0.06397262402329565,1
2021-01-04,BHIA3,0.02595665737025607,1
2021-01-04,BOXP34,3.738068503644246e-17,1
2021-01-04,VALE3,0.010385534162952546,1
2021-01-04,GOGL35,0.048285274309212346,1
2021-01-04,TELB4,1.9398819703999998e-17,1
2021-02-01,RNEW4,0.0,0
2021-02-01,MRSA3B,3.356278071152479e-17,0
2021-02-01,SAPR3,0.0,0
2021-02-01,AXIA3,0.0,0
2021-02-01,BRAP4,0.09615248672593914,0
2021-02-01,MULT3,0.0,0
2021-02-01,CBEE3,0.033923546815386695,0
2021-02-01,AXIA6,0.015162437483453629,0
2021-02-01,GSHP3,0.0,0
2021-02-01,EKTR4,0.09677594221522624,0
2021-02-01,ITSA4,0.09026055813440732,0
2021-02-01,RNEW3,0.0,0
2021-02-01,BBAS3,0.0,0
2021-02-01,SGPS3,0.0,0
2021-02-01,BBDC3,0.0,0
2021-02-01,USIM5,0.08922393720238969,0
2021-02-01,QUAL3,0.0,0
2021-02-01,MEAL3,0.0,0
2021-02-01,FRAS3,0.09897748558437382,0
2021-02-01,USIM3,0.09417032247627005,0
2021-02-01,UNIP3,0.09754981133697561,0
2021-02-01,EQMA3B,0.0984154050385367,0
2021-02-01,ITUB4,0.0,0
2021-02-01,ITUB3,0.09191710037207541,0
2021-02-01,IVVB11,0.09747096661496561,0
2021-02-01,LEVE3,1.1765224925054565e-17,0
2021-02-01,SCAR3,0.0,0
2021-02-01,EALT4,0.0,0
2021-02-01,BMIN4,0.0,0
2021-02-01,EZTC3,0.0,0
2021-03-01,TXRX3,2.0090545678716497e-14,0
2021-03-01,TXRX4,1.1083563616387027e-14,0
2021-03-01,SOND5,0.06803960733103925,0
2021-03-01,AHEB5,1.228476489029207e-15,0
2021-03-01,IRBR3,1.0135473287082228e-14,0
2021-03-01,ANIM3,1.0037506279457571e-13,0
2021-03-01,AGRO3,0.09832444894950834,0
2021-03-01,FIEI3,2.5454540150097097e-15,0
2021-03-01,COCE3,0.09663914117162217,0
2021-03-01,CBEE3,2.9574146311247484e-15,0
2021-03-01,ODPV3,5.741627473323069e-15,0
2021-03-01,FRAS3,0.09774129362504308,0
2021-03-01,RPAD6,5.3185506498857014e-15,0
2021-03-01,ITUB3,6.472294344554056e-14,0
2021-03-01,CRIV3,4.675711239117617e-15,0
2021-03-01,CTSH34,0.09976645798709169,0
2021-03-01,ITUB4,7.504378911540439e-14,0
2021-03-01,ITSA4,1.8293456391997883e-13,0
2021-03-01,ALPA3,0.09465746735331264,0
2021-03-01,GEPA4,3.1291742881350487e-15,0
2021-03-01,SCAR3,4.633580412264764e-15,0
2021-03-01,ALUP4,0.09264607270198848,0
2021-03-01,ALPA4,0.09081971172438107,0
2021-03-01,MYPK3,7.976388741848498e-15,0
2021-03-01,RPAD3,4.566679336741424e-15,0
2021-03-01,ALUP11,0.06601270612450348,0
2021-03-01,LREN3,1.3171042754702235e-14,0
2021-03-01,GEPA3,1.1262127122976506e-15,0
2021-03-01,ISAE4,0.09573068597473576,0
2021-03-01,PATI4,0.0996224070562526,0
2021-04-01,BRGE8,7.336917935341305e-17,1
2021-04-01,MWET3,3.23412697581269e-17,1
2021-04-01,BPAN4,0.03173821845194198,1
2021-04-01,REDE3,0.008124474075695292,1
2021-04-01,TOTS3,0.06554167727801923,1
2021-04-01,TKNO4,0.08844941484616366,1
2021-04-01,UPAC34,0.0566289474022109,1
2021-04-01,USBC34,0.09302763236983196,1
2021-04-01,JOPA3,0.0,1
2021-04-01,CEGR3,3.3652852092306805e-17,1
2021-04-01,CRPG3,0.05490456522927265,1
2021-04-01,HBTS5,0.0,1
2021-04-01,MMMC34,0.07774559388189575,1
2021-04-01,TKNO3,2.9937939430827034e-17,1
2021-04-01,CREM3,6.306559298751733e-17,1
2021-04-01,MTSA3,9.76623780209866e-18,1
2021-04-01,METB34,0.0833297832192688,1
2021-04-01,BPAC11,0.09309258898015767,1
2021-04-01,DUKB34,1.592666738792171e-17,1
2021-04-01,CGAS3,0.0,1
2021-04-01,FBMC4,4.808555816740114e-18,1
2021-04-01,WEGE3,0.052077436953829125,1
2021-04-01,BRIV4,4.9564607062915894e-17,1
2021-04-01,CTGP34,0.013528791669050638,1
2021-04-01,PHMO34,0.09319139448121694,1
2021-04-01,SBUB34,0.09538547846668907,1
2021-04-01,IVVB11,0.09323400269475596,1
2021-04-01,CZLT33,0.0,1
2021-04-01,FBMC3,1.03951398517205e-18,1
2021-04-01,FIGE3,0.0,1
2021-05-03,UNIP5,0.045720026933558824,1
2021-05-03,UNIP3,0.03425667114952902,1
2021-05-03,BRGE5,2.477841009035168e-16,1
2021-05-03,UNIP6,0.021453656430219764,1
2021-05-03,KMBB34,3.669558258558013e-17,1
2021-05-03,BRKM5,0.0010582648910421291,1
2021-05-03,ACNB34,0.09364964872776538,1
2021-05-03,BRKM3,0.034057282340343525,1
2021-05-03,FRAS3,0.08621099776892045,1
2021-05-03,HSHY34,0.04055257067111332,1
2021-05-03,CSCO34,2.1106317962112022e-17,1
2021-05-03,CSNA3,0.0381866101042758,1
2021-05-03,SLBG34,0.0102651496643981,1
2021-05-03,GDBR34,8.110941341979697e-17,1
2021-05-03,ENMT4,0.08618255040196228,1
2021-05-03,MOAR3,0.0894625184329226,1
2021-05-03,TEXA34,0.0201095614401777,1
2021-05-03,QUAL3,1.967110915476595e-17,1
2021-05-03,IBMB34,2.24512196297546e-17,1
2021-05-03,BMEB3,0.016667590625457036,1
2021-05-03,MMMC34,0.0,1
2021-05-03,MATB11,0.08693581791509035,1
2021-05-03,GGBR3,8.136239742389367e-17,1
2021-05-03,IVVB11,0.07883771283480857,1
2021-05-03,UBSG34,0.07015982333619694,1
2021-05-03,BBSE3,2.6066788339353417e-17,1
2021-05-03,SPXI11,0.05073526226292141,1
2021-05-03,LIGT3,0.0,1
2021-05-03,HONB34,0.0940158281078819,1
2021-05-03,UPAC34,0.0014824559614143478,1
2021-06-01,CRPG5,0.08622552330731126,0
2021-06-01,ENMT3,0.0920060864659639,0
2021-06-01,FRIO3,0.0,0
2021-06-01,ENMT4,0.09089268125020668,0
2021-06-01,CRPG6,0.09334592889690402,0
2021-06-01,WUNI34,0.008763780063934714,0
2021-06-01,MWET3,2.4468077468237993e-17,0
2021-06-01,RPAD5,0.010628750535328711,0
2021-06-01,MSCD34,0.0,0
2021-06-01,ABTT34,0.039726421535367866,0
2021-06-01,EQPA7,1.7445063168467518e-17,0
2021-06-01,KLBN11,0.0026375068740687323,0
2021-06-01,AAPL34,0.07220177133412041,0
2021-06-01,USIM5,0.03707620666894144,0
2021-06-01,CSNA3,0.09449257998391612,0
2021-06-01,GPAR3,0.0,0
2021-06-01,EKTR3,0.0,0
2021-06-01,CTSH34,2.5775115629119155e-17,0
2021-06-01,XRXB34,0.07990303160481904,0
2021-06-01,UGPA3,0.0,0
2021-06-01,GGBR4,0.008000271247313015,0
2021-06-01,ACNB34,0.09818067921689858,0
2021-06-01,MDTC34,0.0707362005634611,0
2021-06-01,UNIP3,0.09070555383843215,0
2021-06-01,BOBR4,0.0,0
2021-06-01,NEXP3,0.0,0
2021-06-01,GOAU4,0.0,0
2021-06-01,ITLC34,0.0,0
2021-06-01,OIBR4,0.024477026613011914,0
2021-06-01,ATTB34,2.5480694407003347e-16,0
2021-07-01,CRPG5,0.09510516266611388,1
2021-07-01,CVSH34,0.0,1
2021-07-01,BERK34,0.08115495850427143,1
2021-07-01,BBYY34,0.09789274331529955,1
2021-07-01,DEAI34,1.4791300871953624e-16,1
2021-07-01,TEKA3,0.0,1
2021-07-01,CRPG6,0.09413270018369051,1
2021-07-01,JNJB34,0.0,1
2021-07-01,CATP34,0.0932562630105559,1
2021-07-01,JPMC34,0.0011768354211834703,1
2021-07-01,TRVC34,0.09663545493679543,1
2021-07-01,AALL34,0.0,1
2021-07-01,MMMC34,0.0,1
2021-07-01,BMIN4,0.0,1
2021-07-01,BONY34,3.8736605221265336e-17,1
2021-07-01,CTGP34,0.0,1
2021-07-01,COLG34,0.0,1
2021-07-01,KHCB34,0.005105098854066178,1
2021-07-01,CMIG3,0.06678744545018817,1
2021-07-01,UBSG34,0.05822039396340801,1
2021-07-01,SBUB34,0.06480219004620293,1
2021-07-01,GEOO34,0.05181513160644491,1
2021-07-01,LMTB34,4.024522691033e-17,1
2021-07-01,MDLZ34,0.0,1
2021-07-01,CSMG3,0.0,1
2021-07-01,FDXB34,0.09735540923647792,1
2021-07-01,WUNI34,1.3103192199260184e-17,1
2021-07-01,AGRO3,0.09656021280530135,1
2021-07-01,ABEV3,2.4940465189055793e-18,1
2021-07-01,ATTB34,0.0,1
2021-08-02,EQPA7,0.0009298858991327591,0
2021-08-02,ENMT4,0.09505009735116471,0
2021-08-02,CRPG6,0.09184894261715328,0
2021-08-02,GFSA3,3.3566628707872146e-17,0
2021-08-02,BOBR4,0.0,0
2021-08-02,COGN3,0.0,0
2021-08-02,CEED3,0.015882024492696406,0
2021-08-02,ANIM3,0.02216097148660115,0
2021-08-02,ENMT3,0.09473477676002649,0
2021-08-02,ENGI3,0.026965798832124337,0
2021-08-02,PDGR3,1.3158040369625112e-16,0
2021-08-02,CRPG5,0.0937432521323462,0
2021-08-02,HALI34,0.09899053172637297,0
2021-08-02,PCAR3,0.0976299698828296,0
2021-08-02,VLID3,2.8112991669779695e-16,0
2021-08-02,SMTO3,0.09820863981783443,0
2021-08-02,CEED4,0.009146669144195775,0
2021-08-02,CRIV3,3.298710588628098e-17,0
2021-08-02,AALR3,4.291410444395244e-17,0
2021-08-02,RNEW4,0.0,0
2021-08-02,SEER3,4.8514182085393737e-17,0
2021-08-02,CAMB3,0.05782065456469592,0
2021-08-02,FESA4,0.09836138818179795,0
2021-08-02,COCE3,0.09852639711102665,0
2021-08-02,TELB4,0.0,0
2021-08-02,FLRY3,0.0,0
2021-08-02,GUAR3,9.880608395414301e-17,0
2021-08-02,RNEW3,0.0,0
2021-08-02,ABCB4,4.3393152285331734e-16,0
2021-08-02,CVCB3,1.2724291654138783e-16,0
2021-09-01,ENMT4,0.09227445973695722,0
2021-09-01,CSAN3,1.398925107915128e-16,0
2021-09-01,BRAP4,5.5371990501857265e-17,0
2021-09-01,ENMT3,0.09282310981937475,0
2021-09-01,CTSA4,4.6471824290117905e-17,0
2021-09-01,AHEB3,5.895818671640416e-18,0
2021-09-01,HAGA3,0.007407116545116729,0
2021-09-01,BRAP3,0.00023969948228550885,0
2021-09-01,MOVI3,7.514154377254024e-18,0
2021-09-01,VALE3,0.04521334586722457,0
2021-09-01,MERC4,0.010002871866309786,0
2021-09-01,GPSI34,0.09140308422150059,0
2021-09-01,WLMM3,0.06244803021098747,0
2021-09-01,RAPT4,6.432698365200764e-17,0
2021-09-01,GRND3,0.06725425518635499,0
2021-09-01,CSNA3,0.05288048550270805,0
2021-09-01,CRPG6,0.08836875562271349,0
2021-09-01,WIZC3,0.007590152874693191,0
2021-09-01,CLSC4,0.04804543011126264,0
2021-09-01,RPMG3,4.0119448656865214e-17,0
2021-09-01,LREN3,1.0662156831732579e-17,0
2021-09-01,SLCE3,0.08441302982072492,0
2021-09-01,RENT3,9.263611482444467e-17,0
2021-09-01,JOPA4,0.09916720934057444,0
2021-09-01,LOGN3,8.955549941988973e-18,0
2021-09-01,DHER34,0.09533759261007724,0
2021-09-01,CEED4,5.3730874945490854e-17,0
2021-09-01,AFLT3,1.6360074257764516e-17,0
2021-09-01,SLED4,6.917877426811763e-17,0
2021-09-01,BALM4,0.055131371181133856,0
2021-10-01,ENMT4,0.08826951917440155,1
2021-10-01,ENMT3,0.08853283259913226,1
2021-10-01,PSSA3,1.0877624624710254e-16,1
2021-10-01,CTKA4,0.004457455985582757,1
2021-10-01,MOAR3,0.08965950599572034,1
2021-10-01,USIM6,0.06175819418732992,1
2021-10-01,SANB3,9.510018140312931e-17,1
2021-10-01,DXCO3,8.863003809764425e-17,1
2021-10-01,UNIP5,0.07156582173648758,1
2021-10-01,BALM3,0.0,1
2021-10-01,BMYB34,0.0,1
2021-10-01,LILY34,0.09297967543443987,1
2021-10-01,BRKM3,0.08253873892312615,1
2021-10-01,BRKM6,0.09368842361313819,1
2021-10-01,SANB11,0.0,1
2021-10-01,TAEE4,0.055838350207165245,1
2021-10-01,UPAC34,0.0,1
2021-10-01,TAEE11,0.04454869503965884,1
2021-10-01,JOPA3,0.0,1
2021-10-01,TUPY3,2.933413522754504e-16,1
2021-10-01,CGAS3,0.0,1
2021-10-01,ABEV3,6.632807555898754e-17,1
2021-10-01,GOGL34,0.09815711847253228,1
2021-10-01,BMEB3,0.003638628044770252,1
2021-10-01,HYPE3,4.6414303569885245e-17,1
2021-10-01,WHRL3,0.0006824366481863543,1
2021-10-01,SANB4,0.02540372654572257,1
2021-10-01,NIKE34,0.0,1
2021-10-01,M1TA34,3.0438213713496723e-16,1
2021-10-01,DHER34,0.0982808773926051,1
2021-11-01,WLMM3,0.06876152457742322,1
2021-11-01,EKTR3,0.022451752122141237,1
2021-11-01,CVCB3,0.0,1
2021-11-01,EQPA7,1.548952854616761e-16,1
2021-11-01,ALPA3,0.0,1
2021-11-01,CMIG4,0.0,1
2021-11-01,SHOW3,0.0187905910324299,1
2021-11-01,ALPA4,7.600436801935755e-17,1
2021-11-01,ENEV3,0.0,1
2021-11-01,MAPT4,0.012664880064105133,1
2021-11-01,CMIG3,0.08839649127265235,1
2021-11-01,AXIA6,5.297599668860028e-17,1
2021-11-01,ODPV3,0.0,1
2021-11-01,MBRF3,0.09072118503351446,1
2021-11-01,TPIS3,0.0,1
2021-11-01,ENMT3,0.09090532722311516,1
2021-11-01,EQTL3,1.7880494007165277e-16,1
2021-11-01,RYTT34,0.09899759135176656,1
2021-11-01,AXPB34,0.09901598539565543,1
2021-11-01,DTCY3,6.09061857366679e-17,1
2021-11-01,AGRO3,0.026859548971736043,1
2021-11-01,AXIA3,0.0,1
2021-11-01,ENGI11,0.0,1
2021-11-01,GOGL34,0.09592719889108474,1
2021-11-01,ORCL34,0.0957502689650849,1
2021-11-01,COPH34,0.09334826544862689,1
2021-11-01,HYPE3,0.0,1
2021-11-01,CGRA4,0.09740938965066319,1
2021-11-01,RPAD3,0.0,1
2021-11-01,CSAN3,2.1168691119945882e-16,1
2021-12-01,GPAR3,1.5813065567402193e-18,1
2021-12-01,WEGE3,5.803706954527814e-17,1
2021-12-01,MYPK3,1.9046887952774327e-17,1
2021-12-01,CTKA3,6.167865525686022e-17,1
2021-12-01,CRPG5,0.04343731410320107,1
2021-12-01,ARMT34,0.03658410480599683,1
2021-12-01,MOSC34,0.06753500835816581,1
2021-12-01,AIGB34,0.09862271215673314,1
2021-12-01,FIEI3,4.457594105650841e-18,1
2021-12-01,PRIO3,0.051935773899863126,1
2021-12-01,RIGG34,0.0,1
2021-12-01,LILY34,0.09681056379590244,1
2021-12-01,GDBR34,0.09864229993865647,1
2021-12-01,B1BW34,0.09923446956786862,1
2021-12-01,BONY34,0.05071326217854515,1
2021-12-01,VLOE34,0.0,1
2021-12-01,BOAC34,0.018249294742578373,1
2021-12-01,AXPB34,0.0,1
2021-12-01,NIKE34,0.0,1
2021-12-01,KEPL3,0.0,1
2021-12-01,UBSG34,0.01716559423903419,1
2021-12-01,TMOS34,0.09921093998679317,1
2021-12-01,PHMO34,0.06367438212871146,1
2021-12-01,DISB34,0.0,1
2021-12-01,CVSH34,0.0,1
2021-12-01,SCHW34,0.06441603829188196,1
2021-12-01,CRPG6,0.09376824180606785,1
2021-12-01,PEAB4,0.0,1
2021-12-01,WUNI34,0.0,1
2021-12-01,MDIA3,0.0,1
2022-01-03,HETA4,0.0,0
2022-01-03,SNSY3,0.0,0
2022-01-03,ORCL34,0.04194782763276245,0
2022-01-03,BBYY34,0.0,0
2022-01-03,COWC34,0.0982478969659485,0
2022-01-03,BALM3,0.0,0
2022-01-03,TRVC34,0.09857534932645014,0
2022-01-03,ABTT34,0.09020075094241631,0
2022-01-03,EBAY34,0.029627154188555826,0
2022-01-03,BRGE3,0.0,0
2022-01-03,SANB4,1.553113635993574e-17,0
2022-01-03,BRIV3,2.0072735652416401e-16,0
2022-01-03,TKNO4,0.09512176664122693,0
2022-01-03,PSSA3,2.6789438426900763e-17,0
2022-01-03,MDIA3,7.629454013711337e-17,0
2022-01-03,ACNB34,0.09589339670929847,0
2022-01-03,PEPB34,3.0469158938216846e-17,0
2022-01-03,CGRA4,0.0616559394954971,0
2022-01-03,TGTB34,0.04189324445976221,0
2022-01-03,MCDC34,3.511181664053721e-17,0
2022-01-03,SANB3,0.0,0
2022-01-03,SANB11,0.0,0
2022-01-03,HSHY34,0.09713067602022586,0
2022-01-03,ABCB4,0.039095309890711555,0
2022-01-03,GILD34,0.04722599811328239,0
2022-01-03,PGCO34,1.2962962067057797e-17,0
2022-01-03,B1BW34,0.0971233551894746,0
2022-01-03,LILY34,0.06626133442438727,0
2022-01-03,MAPT4,0.0,0
2022-01-03,BBAS3,0.0,0
2022-02-01,AHEB5,0.012960954503450906,1
2022-02-01,MAPT4,0.0,1
2022-02-01,EKTR4,0.05689473843478115,1
2022-02-01,LILY34,0.0,1
2022-02-01,GILD34,0.0,1
2022-02-01,ACNB34,0.09606457561195952,1
2022-02-01,MCDC34,0.09161844152928958,1
2022-02-01,CAML3,1.1133423147545272e-18,1
2022-02-01,BDLL4,0.0,1
2022-02-01,SBUB34,0.0,1
2022-02-01,CSCO34,0.08928481875651671,1
2022-02-01,CTSH34,1.0090389397269363e-17,1
2022-02-01,TMOS34,0.0,1
2022-02-01,DHER34,0.0941004183837973,1
2022-02-01,UPSS34,0.0,1
2022-02-01,KMBB34,4.2027348168822985e-17,1
2022-02-01,GOGL34,0.08977322530092395,1
2022-02-01,GOGL35,0.08927608945498157,1
2022-02-01,NIKE34,0.0,1
2022-02-01,ORCL34,0.091003152485779,1
2022-02-01,UBSG34,0.09578125427429741,1
2022-02-01,COLG34,3.9619738417035107e-17,1
2022-02-01,ABTT34,0.028151034531604453,1
2022-02-01,ROST34,0.0,1
2022-02-01,WHRL4,9.257228864126126e-17,1
2022-02-01,PFRM3,3.4416252059603223e-17,1
2022-02-01,BERK34,0.09290079844642844,1
2022-02-01,COTY34,0.07219049828618987,1
2022-02-01,BLAK34,0.0,1
2022-02-01,GPRO34,6.578087376127515e-17,1
2022-03-02,ATTB34,3.62921792843631e-17,0
2022-03-02,UPSS34,0.09243052471532831,0
2022-03-02,KMBB34,0.0,0
2022-03-02,CTKA3,0.08857188361010908,0
2022-03-02,CGAS3,0.0,0
2022-03-02,CATP34,9.970259148263896e-18,0
2022-03-02,CBEE3,0.0,0
2022-03-02,LEVE3,0.09488926917049403,0
2022-03-02,RAPT3,0.09253678332070055,0
2022-03-02,TXRX3,0.0,0
2022-03-02,GEPA3,2.7068030148836118e-17,0
2022-03-02,FESA3,0.09282182073488221,0
2022-03-02,XRXB34,1.1141611000741172e-16,0
2022-03-02,MRCK34,0.0,0
2022-03-02,COLG34,0.07401469716325797,0
2022-03-02,COPH34,0.09523160239322416,0
2022-03-02,VISA34,1.8145891395253833e-16,0
2022-03-02,ITLC34,6.424497935269534e-17,0
2022-03-02,HONB34,6.011810152496792e-17,0
2022-03-02,UBSG34,0.09536434333643556,0
2022-03-02,BRGE11,2.377405652981353e-17,0
2022-03-02,JNJB34,2.289834988289385e-16,0
2022-03-02,BRGE8,0.0,0
2022-03-02,TUPY3,0.0,0
2022-03-02,IBMB34,0.0908407261727683,0
2022-03-02,MYPK3,0.09114601178450168,0
2022-03-02,AMGN34,0.09215233759829691,0
2022-03-02,GILD34,0.0,0
2022-03-02,USIM5,7.573593739991723e-16,0
2022-03-02,FDXB34,0.0,0
2022-04-01,NORD3,0.0,0
2022-04-01,CEED3,1.1808393634679451e-17,0
2022-04-01,TKNO4,0.09642134957560229,0
2022-04-01,MERC4,0.0,0
2022-04-01,BBSE3,2.5976642983551997e-16,0
2022-04-01,GEPA3,0.0,0
2022-04-01,BSLI3,2.6399944808914085e-16,0
2022-04-01,WUNI34,0.0,0
2022-04-01,JOPA3,7.64861648279235e-17,0
2022-04-01,SLBG34,0.06400490245244984,0
2022-04-01,VIVT3,0.09363734407460424,0
2022-04-01,CHVX34,0.09786985576888216,0
2022-04-01,AIGB34,1.5966302194941854e-16,0
2022-04-01,GDBR34,0.09917896095273089,0
2022-04-01,BMIN3,0.0,0
2022-04-01,WLMM3,0.09774571143733958,0
2022-04-01,TXRX3,1.9968455516001934e-16,0
2022-04-01,BRSR5,0.0,0
2022-04-01,CPFE3,0.014866524855314658,0
2022-04-01,HALI34,0.045632291206249835,0
2022-04-01,TAEE4,0.09961542488736887,0
2022-04-01,TAEE11,0.09719066289699295,0
2022-04-01,GEPA4,0.0,0
2022-04-01,SBSP3,1.0069517549668638e-16,0
2022-04-01,SNSY5,4.759670838886247e-17,0
2022-04-01,TAEE3,0.09825664168479203,0
2022-04-01,TIMS3,1.681374269211782e-16,0
2022-04-01,BIOM3,4.332650414279618e-18,0
2022-04-01,BBAS3,2.8435552373773047e-16,0
2022-04-01,BRAP4,0.0955803302076711,0
2022-05-02,WLMM4,0.09841251187852425,1
2022-05-02,KLBN3,9.36165556824922e-16,1
2022-05-02,B3SA3,7.247793228445365e-16,1
2022-05-02,CYRE3,1.1932728626374675e-15,1
2022-05-02,KLBN11,8.155790138276216e-16,1
2022-05-02,TKNO4,0.09617328660120333,1
2022-05-02,LUPA3,6.780563648799445e-16,1
2022-05-02,SUZB3,2.892670582503187e-17,1
2022-05-02,TAEE3,0.09539311503933662,1
2022-05-02,HBTS5,0.06443711550892177,1
2022-05-02,BRIV4,1.9823762873343476e-16,1
2022-05-02,MRVE3,1.2975062540457443e-15,1
2022-05-02,PNVL3,4.835159021068019e-16,1
2022-05-02,MATB11,2.3411809575053537e-16,1
2022-05-02,DXCO3,1.1544067063146311e-15,1
2022-05-02,PFRM3,7.31673162949225e-16,1
2022-05-02,TAEE11,0.09529261751931721,1
2022-05-02,BOVA11,1.9464498458614248e-16,1
2022-05-02,HALI34,0.09992127593941214,1
2022-05-02,BOVV11,4.072911510005628e-17,1
2022-05-02,EGIE3,0.0939366584385165,1
2022-05-02,BBSD11,0.0,1
2022-05-02,XBOV11,2.5323669000562877e-16,1
2022-05-02,PIBB11,3.262306651817907e-16,1
2022-05-02,FIND11,4.030820719998368e-16,1
2022-05-02,DIVO11,0.07419901330874644,1
2022-05-02,CAML3,3.172415573748791e-17,1
2022-05-02,ENGI11,0.09365500347482572,1
2022-05-02,TAEE4,0.09532035787648382,1
2022-05-02,BBSE3,0.09325904441470238,1
2022-06-01,BRGE6,5.921929778869557e-17,1
2022-06-01,KHCB34,4.733424036604931e-18,1
2022-06-01,RPAD5,0.08690828416103032,1
2022-06-01,UNIP5,0.09367332791348412,1
2022-06-01,TASA3,6.440283877964003e-17,1
2022-06-01,TASA4,0.0,1
2022-06-01,HSHY34,0.09940977716453347,1
2022-06-01,UNIP3,0.09569278543631714,1
2022-06-01,CPFE3,0.09517196150434085,1
2022-06-01,CBEE3,1.9319430828057153e-16,1
2022-06-01,UNIP6,0.09228113747964088,1
2022-06-01,BMYB34,0.06050029599751087,1
2022-06-01,OIBR3,0.0,1
2022-06-01,AZZA3,0.0,1
2022-06-01,PLAS3,0.0,1
2022-06-01,RPMG3,0.0,1
2022-06-01,TKNO4,0.09534682514927388,1
2022-06-01,SOND6,5.652971154173927e-17,1
2022-06-01,PETR4,0.08895505354192719,1
2022-06-01,ENGI11,1.7654497375335407e-17,1
2022-06-01,TAEE11,0.0,1
2022-06-01,MEAL3,0.0,1
2022-06-01,BNBR3,0.05307449185845692,1
2022-06-01,CMIG4,0.043002460711064956,1
2022-06-01,SBSP3,6.178327109072504e-17,1
2022-06-01,EKTR3,1.653411263166665e-17,1
2022-06-01,MDLZ34,2.1043906725495194e-16,1
2022-06-01,ISAE4,0.0,1
2022-06-01,TAEE3,0.09598359908241869,1
2022-06-01,BBAS3,0.0,1
2022-07-01,EUCA4,3.7308883287358753e-14,0
2022-07-01,MOVI3,1.5682283051090617e-13,0
2022-07-01,GRND3,1.7477018729896518e-14,0
2022-07-01,SMTO3,0.09578573688735234,0
2022-07-01,KEPL3,0.095058837266099,0
2022-07-01,GGBR4,0.0608822265061141,0
2022-07-01,GOAU4,0.08962278558751066,0
2022-07-01,MILS3,8.510571821558102e-13,0
2022-07-01,GGBR3,1.156938870930392e-13,0
2022-07-01,CYRE3,3.649483697079915e-14,0
2022-07-01,GOAU3,0.09127109252703462,0
2022-07-01,SNSY3,8.22981923286485e-15,0
2022-07-01,LUPA3,3.6256408079498213e-14,0
2022-07-01,SMAL11,2.237525850056531e-14,0
2022-07-01,SLCE3,0.09608161875565394,0
2022-07-01,MGEL4,2.163674511278583e-14,0
2022-07-01,BBAS3,0.09151932434506166,0
2022-07-01,POSI3,3.671304239033666e-14,0
2022-07-01,CMIG4,0.09327710893620886,0
2022-07-01,BMEB3,0.09847029660046962,0
2022-07-01,CRIV3,9.497104632103832e-15,0
2022-07-01,SANB11,5.2256535844658244e-14,0
2022-07-01,SANB3,3.114864666267755e-13,0
2022-07-01,JHSF3,5.259232293356997e-12,0
2022-07-01,PTBL3,3.3379553614472723e-14,0
2022-07-01,EVEN3,3.6643369128019763e-14,0
2022-07-01,CEED3,0.0,0
2022-07-01,PCAR3,1.501773074917417e-14,0
2022-07-01,AGRO3,0.09594286045020681,0
2022-07-01,PRIO3,0.0920881121312309,0
2022-08-01,MWET3,5.860148446783523e-16,1
2022-08-01,NORD3,5.511729114432496e-15,1
2022-08-01,FESA3,7.680179848318265e-14,1
2022-08-01,BAUH4,2.2033368178770424e-13,1
2022-08-01,CBEE3,0.0,1
2022-08-01,TXRX3,1.808611774470082e-14,1
2022-08-01,HALI34,0.09793944868847536,1
2022-08-01,ECPR3,1.7533184464244215e-13,1
2022-08-01,EQMA3B,1.880255391718058e-16,1
2022-08-01,AXIA6,0.08754730649497368,1
2022-08-01,BDLL3,3.013889301476845e-15,1
2022-08-01,BRAP4,1.5796851427020762e-12,1
2022-08-01,MSPA3,0.09873453780577868,1
2022-08-01,VSTE3,1.921982727939249e-15,1
2022-08-01,AXIA5,0.09942103247734371,1
2022-08-01,FESA4,0.08467390495273198,1
2022-08-01,CASN3,0.09956507568649006,1
2022-08-01,CZLT33,0.09247048825762885,1
2022-08-01,CEGR3,0.0997679032447655,1
2022-08-01,APTI4,1.352850740673526e-13,1
2022-08-01,ESTR3,0.048392184931841775,1
2022-08-01,FBMC3,1.9695738430493752e-13,1
2022-08-01,MTIG3,0.0932629257270265,1
2022-08-01,DHBI3,7.69866535274211e-13,1
2022-08-01,MAPT3,0.09822519172753608,1
2022-08-01,MEND3,1.883339686070056e-13,1
2022-08-01,MGEL3,1.8519153617826403e-13,1
2022-08-01,PINE3,1.839740921327566e-12,1
2022-08-01,EQPA5,8.927727674135119e-15,1
2022-08-01,PEAB3,2.0049576910952677e-15,1
2022-09-01,TEKA3,0.0,0
2022-09-01,FHER3,0.0,0
2022-09-01,CEEB5,0.09990641602909907,0
2022-09-01,AXIA6,8.261110337973049e-19,0
2022-09-01,AXIA3,0.0,0
2022-09-01,CMIG3,0.0887923127027858,0
2022-09-01,MYPK3,0.0,0
2022-09-01,CMIG4,0.00811807704557011,0
2022-09-01,EQPA5,1.1808524943584438e-16,0
2022-09-01,BBSE3,0.09506739771869002,0
2022-09-01,EKTR4,0.09972415982244692,0
2022-09-01,CREM3,8.8452314123503e-17,0
2022-09-01,MTSA3,0.09959050654248133,0
2022-09-01,CALI3,6.439650282549398e-17,0
2022-09-01,TAEE11,0.0818933173932177,0
2022-09-01,AHEB5,0.039814836744965734,0
2022-09-01,TRVC34,0.0,0
2022-09-01,TAEE3,0.07595961705136549,0
2022-09-01,DOHL4,0.0,0
2022-09-01,BTTL4,0.0,0
2022-09-01,FBMC4,7.485017073160458e-17,0
2022-09-01,TAEE4,0.09570258501148951,0
2022-09-01,CZLT33,1.4213146680478155e-17,0
2022-09-01,SOND6,0.06406142196764986,0
2022-09-01,VULC3,0.08632762492248151,0
2022-09-01,MDIA3,1.5413961466998936e-17,0
2022-09-01,SBSP3,0.0542957092565299,0
2022-09-01,BMIN3,3.2866201842446938e-18,0
2022-09-01,CEDO3,0.0,0
2022-09-01,ALUP11,0.010746017791226829,0
2022-10-03,MILS3,0.08879810275899444,1
2022-10-03,XRXB34,2.0535818478584697e-17,1
2022-10-03,LOGN3,0.08922189687810338,1
2022-10-03,ACNB34,0.0,1
2022-10-03,BOEI34,0.0,1
2022-10-03,UGPA3,0.0,1
2022-10-03,HONB34,0.0,1
2022-10-03,RAIL3,0.0013805270697363687,1
2022-10-03,HALI34,0.09547533775912026,1
2022-10-03,VLOE34,0.09669810382321824,1
2022-10-03,BRKM3,4.4873654410671906e-17,1
2022-10-03,MDLZ34,0.09836134212244074,1
2022-10-03,CSAN3,0.0,1
2022-10-03,CEEB3,0.09807860139337227,1
2022-10-03,VULC3,0.09034089485167912,1
2022-10-03,BRGE8,0.0,1
2022-10-03,CPFE3,0.09738373358926138,1
2022-10-03,ENEV3,1.240865712112491e-16,1
2022-10-03,BLAK34,0.0,1
2022-10-03,FIEI3,0.0,1
2022-10-03,BRSR6,0.021483177629138674,1
2022-10-03,KMBB34,0.0,1
2022-10-03,MSCD34,1.3311062259251075e-16,1
2022-10-03,TASA3,0.0,1
2022-10-03,SOND6,0.09862466965922374,1
2022-10-03,TUPY3,0.09094932527215326,1
2022-10-03,GMCO34,0.0,1
2022-10-03,BRSR3,0.03320428719355779,1
2022-10-03,B1BW34,0.0,1
2022-10-03,JOPA3,0.0,1
2022-11-01,LUPA3,5.632447739569257e-16,1
2022-11-01,BRGE8,0.0,1
2022-11-01,BMIN4,2.4618141565380506e-17,1
2022-11-01,SNSY3,1.92032682963244e-16,1
2022-11-01,WLMM4,4.466303877622538e-16,1
2022-11-01,CGAS3,0.0,1
2022-11-01,CEEB3,0.098306521827587,1
2022-11-01,BRGE11,0.0,1
2022-11-01,NORD3,2.209185363813373e-16,1
2022-11-01,B1BW34,1.8466723892648165e-16,1
2022-11-01,UNIP5,0.0967471806679489,1
2022-11-01,CEEB5,0.09772920773379758,1
2022-11-01,EALT3,0.0,1
2022-11-01,MRVE3,1.8870918077685205e-15,1
2022-11-01,TXRX3,0.0,1
2022-11-01,PEAB4,0.08570158493528882,1
2022-11-01,HYPE3,0.09973371512580796,1
2022-11-01,AFLT3,0.04285784681103982,1
2022-11-01,CEDO3,0.0,1
2022-11-01,ENEV3,0.0,1
2022-11-01,ITUB4,0.09261893480486004,1
2022-11-01,FESA3,0.052446497524723815,1
2022-11-01,TGMA3,0.08964293251254812,1
2022-11-01,ITUB3,0.09251022270739247,1
2022-11-01,CRIV4,0.05315143992794738,1
2022-11-01,BGIP3,0.0,1
2022-11-01,TKNO3,0.09855391542105335,1
2022-11-01,BBDC4,4.3386291117248345e-16,1
2022-11-01,FICT3,5.945929239571801e-16,1
2022-11-01,DOHL4,1.190194693792051e-16,1
2022-12-01,ANIM3,1.442957788414925e-16,1
2022-12-01,PNVL3,0.0,1
2022-12-01,ITUB4,0.08980417415553188,1
2022-12-01,ITUB3,0.09086799724773682,1
2022-12-01,BRSR6,0.031743538829345004,1
2022-12-01,RNEW3,0.0,1
2022-12-01,FIND11,5.1495735994712904e-17,1
2022-12-01,FRAS3,0.0,1
2022-12-01,VLID3,0.013279178928208582,1
2022-12-01,JHSF3,0.014104649143742444,1
2022-12-01,CSUD3,0.0,1
2022-12-01,KEPL3,0.0974547729692842,1
2022-12-01,CRIV4,0.0,1
2022-12-01,LOGN3,0.0912884374488059,1
2022-12-01,RADL3,0.006581407190905272,1
2022-12-01,LREN3,0.0,1
2022-12-01,HYPE3,0.09544589537195268,1
2022-12-01,RENT3,0.0889206594364477,1
2022-12-01,FIEI3,0.09674213799148346,1
2022-12-01,UNIP6,0.09434257370051263,1
2022-12-01,EZTC3,0.0,1
2022-12-01,ITSA4,8.598936949176218e-17,1
2022-12-01,ECOO11,0.0,1
2022-12-01,EQTL3,0.0936321893623405,1
2022-12-01,CGRA4,9.103387888898456e-18,1
2022-12-01,PTBL3,2.3420906487851667e-17,1
2022-12-01,ISUS11,0.0,1
2022-12-01,UNIP5,0.09579238822370252,1
2022-12-01,SMAL11,0.0,1
2022-12-01,SAPR4,0.0,1
2023-01-02,PLAS3,0.0,0
2023-01-02,MOSC34,0.051377614408750445,0
2023-01-02,COWC34,0.0,0
2023-01-02,FDMO34,0.0,0
2023-01-02,GMCO34,0.0,0
2023-01-02,METB34,0.09304774591403427,0
2023-01-02,USIM6,0.0,0
2023-01-02,BOAC34,0.0,0
2023-01-02,EQPA7,0.09250290374877788,0
2023-01-02,GSGI34,0.0,0
2023-01-02,AMGN34,0.09498303485226953,0
2023-01-02,MYPK3,0.0,0
2023-01-02,MSBR34,0.0,0
2023-01-02,HONB34,0.0,0
2023-01-02,EBAY34,0.0,0
2023-01-02,TGTB34,0.0,0
2023-01-02,WFCO34,0.0,0
2023-01-02,WALM34,0.09350153371077684,0
2023-01-02,AAPL34,0.0,0
2023-01-02,RPAD5,0.09965809666368962,0
2023-01-02,UNIP6,0.09471978455223047,0
2023-01-02,TEXA34,0.0,0
2023-01-02,IBMB34,0.09329965719018661,0
2023-01-02,DTCY3,0.0,0
2023-01-02,AXIA6,0.09923772236348609,0
2023-01-02,BMYB34,0.09502505917305687,0
2023-01-02,JPMC34,0.0,0
2023-01-02,CAML3,0.0,0
2023-01-02,RSUL4,0.0,0
2023-01-02,UBSG34,0.0926468474227414,0
2023-02-01,XRXB34,9.853730977151998e-17,0
2023-02-01,SNSY5,0.0,0
2023-02-01,EKTR3,0.09940782578993335,0
2023-02-01,PEPB34,1.8896181555995397e-16,0
2023-02-01,LILY34,0.09110158779539324,0
2023-02-01,PFIZ34,0.0,0
2023-02-01,SCHW34,0.0,0
2023-02-01,ABBV34,0.01976925922015916,0
2023-02-01,KHCB34,0.08966462063931709,0
2023-02-01,JNJB34,0.0,0
2023-02-01,VALE3,0.09245755911900239,0
2023-02-01,HONB34,2.113160576818348e-17,0
2023-02-01,PGCO34,0.0,0
2023-02-01,COLG34,1.575814116407398e-17,0
2023-02-01,COCA34,0.0,0
2023-02-01,MDLZ34,1.44455772683846e-17,0
2023-02-01,BRAP4,0.09335768989851481,0
2023-02-01,KMBB34,5.78844851427608e-18,0
2023-02-01,HAGA3,1.118450933373695e-17,0
2023-02-01,AIGB34,5.825215979353315e-17,0
2023-02-01,RPAD3,0.03877336818046539,0
2023-02-01,CEEB3,0.09648964615766047,0
2023-02-01,FIEI3,0.02299030102735328,0
2023-02-01,MRCK34,0.09196517078664382,0
2023-02-01,BNBR3,0.06897054500541007,0
2023-02-01,FMXB34,0.0997937363001716,0
2023-02-01,ORCL34,1.1907519396534247e-16,0
2023-02-01,BERK34,0.0,0
2023-02-01,UBSG34,0.09525869007997494,0
2023-02-01,PEAB3,0.0,0
2023-03-01,B3SA3,1.4979414039099514e-16,0
2023-03-01,BRSR5,0.0,0
2023-03-01,HBTS5,7.474477379151776e-17,0
2023-03-01,USIM5,1.1324533116161917e-16,0
2023-03-01,BEEF3,0.09433113710473835,0
2023-03-01,USIM3,0.0,0
2023-03-01,TXRX4,0.0,0
2023-03-01,PCAR3,2.804145195174466e-16,0
2023-03-01,GOAU3,0.09021698511729787,0
2023-03-01,MERC4,0.0,0
2023-03-01,PRIO3,0.09094630045690764,0
2023-03-01,PLAS3,0.0,0
2023-03-01,TCSA3,0.0,0
2023-03-01,GOAU4,0.08832376052243168,0
2023-03-01,AGRO3,0.09615447999041468,0
2023-03-01,EQMA3B,5.576705014651769e-17,0
2023-03-01,AZZA3,0.0,0
2023-03-01,AXIA3,0.08069703332583063,0
2023-03-01,MATB11,0.0,0
2023-03-01,HALI34,0.09956275194489506,0
2023-03-01,BMIN3,0.0,0
2023-03-01,CRPG6,0.0,0
2023-03-01,AXIA6,0.09001743789117826,0
2023-03-01,BRAP3,0.09090980918478073,0
2023-03-01,MACY34,0.0,0
2023-03-01,CEED3,4.932834113822784e-17,0
2023-03-01,POSI3,0.0,0
2023-03-01,BRAP4,0.09015797533820034,0
2023-03-01,GGBR4,0.0886823291233238,0
2023-03-01,SMAL11,2.929103433477991e-16,0
2023-04-03,WFCO34,2.531577981594313e-16,1
2023-04-03,BMIN3,0.0,1
2023-04-03,CBEE3,2.8019339576989413e-16,1
2023-04-03,PSSA3,0.0957440850282035,1
2023-04-03,FMXB34,0.09945845410554377,1
2023-04-03,MOSC34,1.338328787479287e-16,1
2023-04-03,DEAI34,0.04007973582255003,1
2023-04-03,SANB11,6.194411025735567e-16,1
2023-04-03,METB34,0.09451496497192487,1
2023-04-03,MSBR34,0.09237109499060783,1
2023-04-03,BBYY34,4.943919345045094e-16,1
2023-04-03,CVSH34,4.524366985611092e-16,1
2023-04-03,B1BW34,0.0,1
2023-04-03,BOAC34,3.301691866908454e-16,1
2023-04-03,SANB3,3.041822158690834e-16,1
2023-04-03,SANB4,8.40036245268528e-17,1
2023-04-03,RAPT3,3.8249805612341436e-16,1
2023-04-03,GPRO34,1.6862731913938653e-16,1
2023-04-03,HALI34,0.0,1
2023-04-03,UBSG34,0.09570519522518095,1
2023-04-03,ROST34,0.09352432724627849,1
2023-04-03,MWET4,7.818707026220289e-16,1
2023-04-03,HYPE3,0.09282371924247629,1
2023-04-03,MACY34,4.3908409216473804e-16,1
2023-04-03,TUPY3,0.09352472270657274,1
2023-04-03,EALT3,4.836888471671496e-16,1
2023-04-03,SLCE3,0.09333805222998622,1
2023-04-03,ITUB3,0.0,1
2023-04-03,FESA3,0.09429202823074272,1
2023-04-03,BONY34,0.014623620199927407,1
2023-05-02,OSXB3,2.118633603349687e-15,1
2023-05-02,GPAR3,0.09718975929474422,1
2023-05-02,XRXB34,0.09283279340963566,1
2023-05-02,TELB3,2.7476003408809054e-16,1
2023-05-02,QCOM34,4.3731949834647105e-15,1
2023-05-02,VLOE34,0.09284311653876692,1
2023-05-02,BMIN3,0.05082047390195968,1
2023-05-02,ENMT3,0.0,1
2023-05-02,MOAR3,0.0,1
2023-05-02,GPRO34,1.6973883964041031e-16,1
2023-05-02,CSCO34,0.09298643662718192,1
2023-05-02,FMXB34,0.09947725844577684,1
2023-05-02,VALE3,1.7945714358980085e-15,1
2023-05-02,TOTS3,4.751985578785231e-16,1
2023-05-02,MAPT4,1.7007934552330012e-16,1
2023-05-02,AIGB34,0.0977491682060575,1
2023-05-02,WUNI34,4.041874896780112e-16,1
2023-05-02,TSLA34,3.5812170486743314e-16,1
2023-05-02,EKTR3,0.09783803265226895,1
2023-05-02,TUPY3,0.09176739706342643,1
2023-05-02,TEXA34,0.09153826450685185,1
2023-05-02,EUCA4,2.7739613597084593e-16,1
2023-05-02,ENMT4,0.0,1
2023-05-02,BEEF3,2.3075336810239434e-16,1
2023-05-02,ODPV3,0.0949572993533179,1
2023-05-02,SUZB3,4.3107033592470695e-16,1
2023-05-02,WLMM4,2.558001817868771e-16,1
2023-05-02,BRKM6,2.845485181669267e-16,1
2023-05-02,PATI3,8.980645140948378e-17,1
2023-05-02,DUKB34,3.02938842102436e-16,1
2023-06-01,USIM6,0.0,1
2023-06-01,TEKA4,0.08583159168239252,1
2023-06-01,CGAS3,0.0,1
2023-06-01,MDTC34,6.1358133236613835e-16,1
2023-06-01,WLMM3,0.0,1
2023-06-01,PHMO34,0.0,1
2023-06-01,ABTT34,1.5916718795393605e-16,1
2023-06-01,BGIP3,0.0,1
2023-06-01,M1TA34,0.09410145020453461,1
2023-06-01,PATI3,0.0,1
2023-06-01,RYTT34,0.09203442222048624,1
2023-06-01,SLCE3,0.0,1
2023-06-01,AXIA5,0.09897905243443578,1
2023-06-01,VERZ34,1.1251057481618997e-17,1
2023-06-01,FCXO34,2.255140518769847e-16,1
2023-06-01,ABBV34,0.08863997112864605,1
2023-06-01,BRAP3,0.0,1
2023-06-01,LMTB34,0.0930084882915791,1
2023-06-01,NIKE34,0.08765841228043816,1
2023-06-01,BMYB34,1.6397940592313907e-16,1
2023-06-01,PATI4,0.0,1
2023-06-01,TGTB34,4.738967303711468e-17,1
2023-06-01,AMGN34,8.752830825657587e-18,1
2023-06-01,ATTB34,1.185134274911968e-16,1
2023-06-01,BMIN3,1.5485569215398968e-16,1
2023-06-01,KMBB34,0.08119557672848352,1
2023-06-01,FICT3,0.09008586538866517,1
2023-06-01,BBYY34,0.0,1
2023-06-01,CMIG3,0.09757582767040134,1
2023-06-01,PGCO34,0.09088934196993599,1
2023-07-03,TELB3,0.0,0
2023-07-03,NEXP3,3.1805585332738206e-16,0
2023-07-03,BRGE6,0.0,0
2023-07-03,MERC4,1.0414710030221658e-16,0
2023-07-03,BRSR6,0.0900924781909946,0
2023-07-03,EBAY34,1.898522969697049e-16,0
2023-07-03,FESA3,0.052176755658332234,0
2023-07-03,BBAS3,0.08978094949025686,0
2023-07-03,M1TA34,0.09848672962385696,0
2023-07-03,RSUL4,0.02467016917631568,0
2023-07-03,EALT3,0.0,0
2023-07-03,TELB4,4.7854056551171033e-17,0
2023-07-03,CBEE3,0.0,0
2023-07-03,LEVE3,0.0958149314762515,0
2023-07-03,WEGE3,0.09507172165837735,0
2023-07-03,RAPT4,4.3293953517872677e-16,0
2023-07-03,KMBB34,0.006929882091765944,0
2023-07-03,MDLZ34,0.09924096648765333,0
2023-07-03,CTSH34,0.0,0
2023-07-03,MSCD34,0.03930899151061324,0
2023-07-03,BRSR3,0.07636788205723159,0
2023-07-03,REDE3,0.013936288760142143,0
2023-07-03,ECOR3,2.9937046781041927e-16,0
2023-07-03,WLMM4,0.0,0
2023-07-03,CYRE3,0.08663190349302484,0
2023-07-03,DUKB34,0.0,0
2023-07-03,PETR3,0.09061616104782415,0
2023-07-03,ACNB34,0.04087418927735811,0
2023-07-03,FIND11,2.381472496247065e-16,0
2023-07-03,ECOO11,0.0,0
2023-08-01,CTKA3,2.445461037077028e-17,1
2023-08-01,CBEE3,7.780786575955897e-17,1
2023-08-01,BRKM5,1.2519680921708587e-16,1
2023-08-01,FDMO34,0.0,1
2023-08-01,FMXB34,0.0984857446898987,1
2023-08-01,COCE5,0.0,1
2023-08-01,BRKM6,9.936571892739832e-17,1
2023-08-01,BALM3,4.420264529790282e-17,1
2023-08-01,M1TA34,0.09876679310254051,1
2023-08-01,BRSR5,0.05146876567003316,1
2023-08-01,ROMI3,0.08760727196942446,1
2023-08-01,B1BW34,0.0025526216569456135,1
2023-08-01,CGAS3,0.0,1
2023-08-01,CRIV3,1.1786616257507353e-16,1
2023-08-01,AALL34,1.3155437382138064e-16,1
2023-08-01,TSLA34,1.4390625824449607e-16,1
2023-08-01,BRKM3,4.48817347761636e-17,1
2023-08-01,TAEE3,1.2716823274484028e-17,1
2023-08-01,BRGE3,0.01838349647374771,1
2023-08-01,DEAI34,0.09479130730896325,1
2023-08-01,TAEE11,5.268642870106273e-17,1
2023-08-01,TAEE4,1.4194736948765172e-17,1
2023-08-01,AXIA5,0.09985763551665248,1
2023-08-01,PSSA3,0.09781900537789981,1
2023-08-01,NFLX34,0.09321244291837853,1
2023-08-01,RENT3,0.036636772195594025,1
2023-08-01,FESA3,0.06444788549705797,1
2023-08-01,BMIN4,0.053763392212269404,1
2023-08-01,COTY34,0.057305689971158945,1
2023-08-01,CGRA4,0.04490117543943445,1
2023-09-01,UCAS3,0.0,0
2023-09-01,BRKM6,0.0,0
2023-09-01,JOPA3,0.06186036736062736,0
2023-09-01,PTBL3,0.0,0
2023-09-01,BBDC3,0.0,0
2023-09-01,TXRX4,2.359361882673887e-16,0
2023-09-01,COTY34,0.09790501294383389,0
2023-09-01,EVEN3,0.0,0
2023-09-01,CEEB5,0.09834489065338783,0
2023-09-01,CSAN3,0.0,0
2023-09-01,ENGI4,0.031005634030700387,0
2023-09-01,USIM5,0.0,0
2023-09-01,MRVE3,0.0,0
2023-09-01,GGBR4,0.056379703232867714,0
2023-09-01,VULC3,0.09087581000468936,0
2023-09-01,BBDC4,0.0,0
2023-09-01,GOAU3,0.08977647707337989,0
2023-09-01,COCE5,1.7999891614727267e-17,0
2023-09-01,ODPV3,0.09566118094524713,0
2023-09-01,SCAR3,0.0,0
2023-09-01,GOAU4,0.0,0
2023-09-01,VSTE3,0.0,0
2023-09-01,JHSF3,0.0,0
2023-09-01,CEDO3,0.09571505632536624,0
2023-09-01,VLID3,0.09430133305087285,0
2023-09-01,PMAM3,0.0,0
2023-09-01,MYPK3,0.0,0
2023-09-01,CYRE3,0.08965858255564395,0
2023-09-01,GEPA3,0.09851595182338309,0
2023-09-01,ABEV3,0.0,0
2023-10-02,AFLT3,1.8094534211972126e-16,0
2023-10-02,BOEI34,0.09476910111155643,0
2023-10-02,GEPA3,0.09925221303623835,0
2023-10-02,CEEB3,1.6764084956797088e-17,0
2023-10-02,ALPA3,3.547893670680829e-17,0
2023-10-02,WLMM4,0.06781847897913114,0
2023-10-02,NFLX34,0.09565685512958376,0
2023-10-02,CRPG3,0.09138496916408881,0
2023-10-02,BDLL4,0.003549692139800562,0
2023-10-02,POSI3,0.0,0
2023-10-02,TXRX4,7.113827492101454e-17,0
2023-10-02,HPQB34,2.9704732895573727e-17,0
2023-10-02,ISAE4,4.511909571844448e-17,0
2023-10-02,VLID3,0.09160938159363473,0
2023-10-02,FRAS3,0.09592764426521583,0
2023-10-02,BIOM3,0.0,0
2023-10-02,BAZA3,0.09862906098144497,0
2023-10-02,DOHL3,6.428631018187028e-17,0
2023-10-02,AMZO34,0.0,0
2023-10-02,RENT3,1.0989740684807708e-16,0
2023-10-02,BMIN3,0.0,0
2023-10-02,MRSA3B,0.09979272660660075,0
2023-10-02,GEPA4,0.033235798418271435,0
2023-10-02,BOXP34,1.833255233535505e-17,0
2023-10-02,ISAE3,0.0036503845782393154,0
2023-10-02,PETR4,0.09004531048389285,0
2023-10-02,ABEV3,9.409876481106568e-17,0
2023-10-02,UPAC34,0.0,0
2023-10-02,VULC3,0.03467838351230038,0
2023-10-02,LMTB34,6.845705037175223e-17,0
2023-11-01,BRPR3,0.0,1
2023-11-01,EALT3,0.0,1
2023-11-01,BMEB3,0.07146984621050655,1
2023-11-01,MYPK3,0.0,1
2023-11-01,COTY34,0.09741146731257778,1
2023-11-01,B1BW34,0.0,1
2023-11-01,TXRX4,0.0,1
2023-11-01,RCSL4,0.0,1
2023-11-01,UNIP6,0.0,1
2023-11-01,BRSR3,1.2265805404321132e-15,1
2023-11-01,BRIV3,0.09559705132543843,1
2023-11-01,EALT4,0.0,1
2023-11-01,GGBR3,0.0876852148547165,1
2023-11-01,UNIP3,0.0,1
2023-11-01,BRSR6,0.08592410865248164,1
2023-11-01,DHER34,0.0,1
2023-11-01,BRIV4,0.09676472739213611,1
2023-11-01,GOAU3,0.08772968424952354,1
2023-11-01,CAML3,0.0,1
2023-11-01,TUPY3,0.0,1
2023-11-01,MOVI3,0.0,1
2023-11-01,VLOE34,0.0,1
2023-11-01,CMIG3,0.0,1
2023-11-01,CRIV4,0.09424075102771694,1
2023-11-01,FRAS3,0.09210879943722795,1
2023-11-01,CRIV3,0.09246725823233094,1
2023-11-01,GGBR4,0.0,1
2023-11-01,CEEB3,1.638524325171093e-15,1
2023-11-01,BAZA3,0.0986010913053407,1
2023-11-01,EZTC3,0.0,1
2023-12-01,WLMM3,0.06248088906391807,1
2023-12-01,CEDO3,0.09062666133524709,1
2023-12-01,MAPT4,0.0,1
2023-12-01,CRPG6,0.09180473464263864,1
2023-12-01,ARNC34,0.09822874321873848,1
2023-12-01,SNSY5,0.012316090763951166,1
2023-12-01,OSXB3,0.0,1
2023-12-01,GILD34,0.0,1
2023-12-01,FIEI3,0.0,1
2023-12-01,MRCK34,0.0,1
2023-12-01,TXRX4,8.600906614139928e-17,1
2023-12-01,COPH34,1.3015167454336991e-17,1
2023-12-01,CRPG3,1.8789497118474372e-17,1
2023-12-01,CAMB3,0.09282628227134687,1
2023-12-01,TIMS3,0.09900448611302559,1
2023-12-01,TKNO4,0.09835845248091235,1
2023-12-01,BRIV4,0.07016811413385148,1
2023-12-01,BALM3,2.3453417446219302e-17,1
2023-12-01,BRPR3,0.0,1
2023-12-01,BRIV3,0.02819493062953203,1
2023-12-01,HALI34,3.98769968793444e-18,1
2023-12-01,TECN3,0.09082593951792962,1
2023-12-01,AMGN34,0.0,1
2023-12-01,USIM6,1.6744708235782658e-16,1
2023-12-01,PSSA3,0.09428235722387607,1
2023-12-01,ABBV34,0.0,1
2023-12-01,MRSA3B,3.483272693743084e-17,1
2023-12-01,CRIV4,0.018231876636189883,1
2023-12-01,CREM3,0.05265044196884244,1
2023-12-01,SLBG34,2.1747459819759357e-17,1
2024-01-02,CEDO3,0.09164724909996597,0
2024-01-02,JOPA3,1.8948909236101256e-16,0
2024-01-02,BDLL4,0.0035164076281579346,0
2024-01-02,REDE3,5.922654978203258e-16,0
2024-01-02,PGCO34,5.498008718576005e-16,0
2024-01-02,BSLI3,3.093296422135812e-16,0
2024-01-02,TXRX4,4.362757244159807e-17,0
2024-01-02,HETA4,0.01232803624451929,0
2024-01-02,BRSR5,0.04124738460570617,0
2024-01-02,LOGN3,4.254234171459049e-17,0
2024-01-02,PDGR3,0.0,0
2024-01-02,DOHL4,0.04961617481820807,0
2024-01-02,BNBR3,0.09788483540493707,0
2024-01-02,ATTB34,2.2325388602732214e-16,0
2024-01-02,NFLX34,0.09548817681992693,0
2024-01-02,SAPR4,0.09539909984815687,0
2024-01-02,SBUB34,3.205148856645922e-16,0
2024-01-02,SAPR11,0.09439948602596811,0
2024-01-02,VERZ34,5.38659648851247e-16,0
2024-01-02,SAPR3,0.03607605065964246,0
2024-01-02,DTCY3,3.310312981035544e-16,0
2024-01-02,IBMB34,0.061501477986141355,0
2024-01-02,GPSI34,0.07207299953253138,0
2024-01-02,BRKM6,3.5985478557841796e-16,0
2024-01-02,SBSP3,0.0,0
2024-01-02,ITUB3,0.07696288492527895,0
2024-01-02,BONY34,0.02949724826780598,0
2024-01-02,FIEI3,1.973669285088887e-16,0
2024-01-02,ABCB4,0.044763363657140655,0
2024-01-02,TIMS3,0.09759912447590925,0
2024-02-01,TELB4,0.0,0
2024-02-01,EPAR3,0.09354576395659851,0
2024-02-01,TCSA3,4.200390607685534e-17,0
2024-02-01,TSLA34,0.09572190256417461,0
2024-02-01,EZTC3,0.0,0
2024-02-01,MOVI3,0.017368879103885498,0
2024-02-01,BOEI34,5.4693260577621956e-17,0
2024-02-01,CVCB3,0.0,0
2024-02-01,HBOR3,1.0546349383877002e-16,0
2024-02-01,KEPL3,2.1765333846745836e-18,0
2024-02-01,COGN3,0.012037385379099989,0
2024-02-01,FLRY3,0.021412494646467845,0
2024-02-01,BBDC4,0.09072432948058518,0
2024-02-01,SEER3,0.08877675230666617,0
2024-02-01,RAPT4,0.09147886801551645,0
2024-02-01,BBDC3,0.09077296827724915,0
2024-02-01,VALE3,4.2066029339573285e-17,0
2024-02-01,CGAS3,6.779320062813039e-17,0
2024-02-01,FRAS3,0.09686376654826172,0
2024-02-01,SANB3,0.0,0
2024-02-01,YDUQ3,0.08974854065138019,0
2024-02-01,BRAP4,0.0,0
2024-02-01,WEGE3,2.6740897059902306e-17,0
2024-02-01,TEND3,0.09202287747469333,0
2024-02-01,RADL3,0.023773962692752476,0
2024-02-01,MATB11,1.2318768953969893e-18,0
2024-02-01,SANB11,0.0,0
2024-02-01,EGIE3,0.09575150890266874,0
2024-02-01,SANB4,0.0,0
2024-02-01,UNIP6,0.0,0
2024-03-01,RCSL3,4.903743850741351e-16,1
2024-03-01,AMGN34,0.09120920039428553,1
2024-03-01,GILD34,0.022061850802055177,1
2024-03-01,CALI3,0.09864566681452536,1
2024-03-01,SOND6,0.09379941872979757,1
2024-03-01,FRIO3,0.08550772086688199,1
2024-03-01,VLID3,0.0398994793789851,1
2024-03-01,FESA3,0.0,1
2024-03-01,TXRX4,1.427359196507852e-16,1
2024-03-01,PATI3,0.0,1
2024-03-01,INEP3,1.947197279498505e-16,1
2024-03-01,PATI4,3.471730433728543e-17,1
2024-03-01,MRSA3B,0.009889477864667633,1
2024-03-01,ENMT3,0.07038346943342091,1
2024-03-01,JOPA3,0.017810809018337988,1
2024-03-01,GSHP3,0.0006111244885415968,1
2024-03-01,CLSC3,0.09792464445253689,1
2024-03-01,PTNT4,0.014884753079047958,1
2024-03-01,MULT3,1.4473273023340367e-16,1
2024-03-01,TECN3,2.001870540030712e-16,1
2024-03-01,CSCO34,0.04960825258972094,1
2024-03-01,TAEE4,1.2593779962821709e-16,1
2024-03-01,CRIV4,0.051049217365648075,1
2024-03-01,UGPA3,0.09429687327315014,1
2024-03-01,RAPT3,0.012823493727357626,1
2024-03-01,CSMG3,0.09537487114359902,1
2024-03-01,TPIS3,1.434042331936417e-16,1
2024-03-01,BRAP4,7.808374945918267e-18,1
2024-03-01,ISAE3,0.05421967657743911,1
2024-03-01,MAPT4,0.0,1
2024-04-01,BGIP4,0.08050130844660566,1
2024-04-01,OIBR3,1.4908442325959576e-16,1
2024-04-01,OSXB3,0.0,1
2024-04-01,JOPA3,1.4213226938831258e-16,1
2024-04-01,VIVT3,0.09715086839924013,1
2024-04-01,TXRX3,0.0,1
2024-04-01,PDTC3,2.76651227627623e-17,1
2024-04-01,USIM3,0.0,1
2024-04-01,PETR4,0.09212604602280343,1
2024-04-01,PETR3,0.05089093297855447,1
2024-04-01,AFLT3,0.0,1
2024-04-01,EKTR3,0.06554986399845111,1
2024-04-01,GEPA3,0.0445713280191583,1
2024-04-01,PATI3,2.81546006328488e-17,1
2024-04-01,MERC4,7.350774568251936e-17,1
2024-04-01,BRSR3,0.012117478157192075,1
2024-04-01,AIGB34,0.09553165727473366,1
2024-04-01,COTY34,0.0,1
2024-04-01,BOBR4,0.05815835014958648,1
2024-04-01,RNEW3,0.0,1
2024-04-01,BRSR6,0.01802992590812463,1
2024-04-01,ABTT34,0.03396754521003643,1
2024-04-01,BALM4,0.0022989266541618017,1
2024-04-01,ENGI11,0.03254084885696804,1
2024-04-01,MDIA3,0.09362924813047947,1
2024-04-01,RAIL3,0.0,1
2024-04-01,RNEW4,0.0,1
2024-04-01,BRGE11,0.09854318172914735,1
2024-04-01,EQTL3,0.02507146250029511,1
2024-04-01,CTGP34,0.09932102756446141,1
2024-05-02,PLAS3,4.824324917164643e-16,1
2024-05-02,OFSA3,3.661266370448852e-16,1
2024-05-02,HOME34,0.09812128456331028,1
2024-05-02,EVEN3,0.07504290320231646,1
2024-05-02,PTNT3,0.05236264880718787,1
2024-05-02,ROMI3,2.8619355113114743e-16,1
2024-05-02,SUZB3,0.09922252113150794,1
2024-05-02,AZZA3,2.405842394685227e-16,1
2024-05-02,BRKM5,1.7137227283871732e-16,1
2024-05-02,ITLC34,5.286351218418688e-16,1
2024-05-02,TGMA3,0.04632280803688121,1
2024-05-02,AXIA3,4.920373977653233e-16,1
2024-05-02,MDIA3,0.008444714140061937,1
2024-05-02,CYRE3,0.0,1
2024-05-02,ORCL34,0.0981435543551604,1
2024-05-02,EALT3,0.02771335826749876,1
2024-05-02,RAPT4,1.9370057232121307e-16,1
2024-05-02,AXIA6,3.731047965457627e-16,1
2024-05-02,HYPE3,1.656624477176211e-16,1
2024-05-02,MYPK3,3.517921394138451e-16,1
2024-05-02,ITSA4,5.405107158198096e-16,1
2024-05-02,TRVC34,0.09950756288187007,1
2024-05-02,BRGE11,0.09830430151614059,1
2024-05-02,ITSA3,0.051520130204932485,1
2024-05-02,UBSG34,0.09944292271061647,1
2024-05-02,BRKM3,4.267079455408654e-16,1
2024-05-02,ITUB4,0.05412902457202332,1
2024-05-02,RAPT3,2.6485247892790125e-16,1
2024-05-02,CSUD3,0.09172226561048717,1
2024-05-02,EQTL3,2.3376423225131397e-16,1
2024-06-03,WIZC3,1.5681062915644127e-16,0
2024-06-03,MGEL4,1.487255573998336e-16,0
2024-06-03,MILS3,0.0,0
2024-06-03,TIMS3,0.0,0
2024-06-03,IRBR3,1.80701230983719e-17,0
2024-06-03,COPH34,0.009269257102295854,0
2024-06-03,CGRA3,3.6624353338197736e-17,0
2024-06-03,OIBR3,0.0,0
2024-06-03,BALM3,1.3340622187674995e-17,0
2024-06-03,LREN3,1.5325905094112932e-17,0
2024-06-03,ETER3,0.0,0
2024-06-03,TUPY3,0.0,0
2024-06-03,UGPA3,0.05002864436283126,0
2024-06-03,PETR3,0.06924417210723256,0
2024-06-03,PETR4,0.09321756587736509,0
2024-06-03,PRIO3,0.0,0
2024-06-03,EQMA3B,0.09914976965018327,0
2024-06-03,FDXB34,0.06605554125888895,0
2024-06-03,VSTE3,0.0,0
2024-06-03,HBOR3,0.0,0
2024-06-03,WUNI34,0.09833896727724996,0
2024-06-03,BBDC4,4.132069907806566e-18,0
2024-06-03,BPAN4,0.010679009448023859,0
2024-06-03,WFCO34,0.09838671801842354,0
2024-06-03,SBSP3,0.09290597425514069,0
2024-06-03,DEAI34,0.0989940883121958,0
2024-06-03,TGTB34,2.415855425216246e-18,0
2024-06-03,BAZA3,0.09957785750898222,0
2024-06-03,SCHW34,0.08926911824239851,0
2024-06-03,CTKA4,0.02488331657878808,0
2024-07-01,HBTS5,1.1522177899704535e-16,0
2024-07-01,NORD3,0.0,0
2024-07-01,DXCO3,7.715004856415149e-17,0
2024-07-01,BPAN4,2.2440614780692263e-17,0
2024-07-01,BMKS3,0.0,0
2024-07-01,CEDO4,0.04169180731153335,0
2024-07-01,WLMM3,0.04222114144571613,0
2024-07-01,TPIS3,0.0,0
2024-07-01,PEAB3,0.013771002378772485,0
2024-07-01,ANIM3,0.0,0
2024-07-01,CAML3,0.019912559594783243,0
2024-07-01,COWC34,0.09489950785572766,0
2024-07-01,CEDO3,0.09967667464660442,0
2024-07-01,WHRL4,7.771839016984577e-18,0
2024-07-01,COTY34,0.0,0
2024-07-01,EKTR3,0.07729307582179741,0
2024-07-01,BAZA3,0.09326858850436436,0
2024-07-01,IVVB11,0.08194306988379194,0
2024-07-01,HETA4,2.9273234900243604e-17,0
2024-07-01,LILY34,0.09430106747080391,0
2024-07-01,SPXI11,0.05709284983221518,0
2024-07-01,UNIP5,0.0,0
2024-07-01,NFLX34,0.041712820920840235,0
2024-07-01,GEPA3,0.058234274440538226,0
2024-07-01,M1TA34,0.0962308885744846,0
2024-07-01,UGPA3,3.183375472018169e-17,0
2024-07-01,PINE4,0.06362736202794544,0
2024-07-01,MRSA5B,0.02412330929008123,0
2024-07-01,BOBR4,3.2666295875496024e-17,0
2024-07-01,WHRL3,0.0,0
2024-08-01,PEAB4,0.01698834213386705,1
2024-08-01,BGIP3,0.002385630846168752,1
2024-08-01,ALPA3,0.0,1
2024-08-01,VSTE3,4.13281957679191e-17,1
2024-08-01,ATTB34,0.09704897327289594,1
2024-08-01,JPMC34,0.04880143191039216,1
2024-08-01,HOOT4,4.1707881845768226e-17,1
2024-08-01,BOAC34,1.851359371362654e-17,1
2024-08-01,MSBR34,0.00479276420107187,1
2024-08-01,AXPB34,0.0908277299567698,1
2024-08-01,MRSA5B,0.0,1
2024-08-01,TEXA34,6.557691931139756e-18,1
2024-08-01,SUZB3,0.0,1
2024-08-01,AHEB3,0.09380346880716436,1
2024-08-01,SMTO3,3.628333994987613e-18,1
2024-08-01,HONB34,0.065646245326621,1
2024-08-01,RPAD5,0.07570495927919418,1
2024-08-01,LILY34,0.09691471548668472,1
2024-08-01,M1TA34,0.0765416187124611,1
2024-08-01,ISAE4,0.036675074000868814,1
2024-08-01,EXXO34,1.6815481819922118e-17,1
2024-08-01,BERK34,0.0,1
2024-08-01,AMZO34,0.05075322765153683,1
2024-08-01,EMAE4,0.0,1
2024-08-01,WALM34,0.08279749805980582,1
2024-08-01,ALPA4,0.0,1
2024-08-01,COLG34,0.09952666293619408,1
2024-08-01,CTGP34,0.060791657418303356,1
2024-08-01,B1BW34,4.603373095528109e-17,1
2024-08-01,GOGL34,4.730564248482048e-17,1
2024-09-02,CEDO3,0.017568613505273632,1
2024-09-02,METB34,0.0,1
2024-09-02,RIGG34,2.1052397836996878e-17,1
2024-09-02,CGAS3,0.0,1
2024-09-02,VLOE34,0.04217780852739521,1
2024-09-02,HALI34,0.0,1
2024-09-02,JOPA3,0.012591488235240166,1
2024-09-02,MERC4,7.834981744829777e-17,1
2024-09-02,DTCY3,7.682157219274595e-17,1
2024-09-02,SLBG34,3.362878165887119e-17,1
2024-09-02,PEAB3,0.030207356863200658,1
2024-09-02,MNDL3,0.021036989405506388,1
2024-09-02,BBYY34,0.09134082772232024,1
2024-09-02,BIIB34,3.3558165815408e-17,1
2024-09-02,UPAC34,0.08554514759113552,1
2024-09-02,RADL3,0.002472187516382214,1
2024-09-02,HBTS5,8.380406977544619e-17,1
2024-09-02,CTKA3,0.03578964285402043,1
2024-09-02,PFIZ34,0.0,1
2024-09-02,USBC34,0.09815235677998933,1
2024-09-02,MGEL4,0.0,1
2024-09-02,BMKS3,0.014440400709906098,1
2024-09-02,CHVX34,0.0,1
2024-09-02,BDLL4,0.0,1
2024-09-02,EBAY34,0.0934280966181409,1
2024-09-02,AIGB34,0.09994735108808601,1
2024-09-02,GILD34,0.09333310649993974,1
2024-09-02,FDXB34,0.06866876192957429,1
2024-09-02,COLG34,0.09783675378879056,1
2024-09-02,SBSP3,0.09546311036509815,1
2024-10-01,EQPA5,0.007467109601891279,0
2024-10-01,BEEF3,0.0,0
2024-10-01,TEKA4,0.023133991675939193,0
2024-10-01,GSHP3,8.519900165602916e-17,0
2024-10-01,BERK34,0.09651966940990503,0
2024-10-01,RAIL3,0.0,0
2024-10-01,KEPL3,1.0548118434451296e-17,0
2024-10-01,JNJB34,0.02047321798063498,0
2024-10-01,PETR4,0.017174154837577702,0
2024-10-01,WLMM4,0.0,0
2024-10-01,SANB3,0.0,0
2024-10-01,COLG34,0.09387640439683242,0
2024-10-01,B3SA3,8.154708121983145e-18,0
2024-10-01,SANB4,0.0,0
2024-10-01,SANB11,0.0,0
2024-10-01,COCA34,0.09579005917260748,0
2024-10-01,CSMG3,0.09127085049044298,0
2024-10-01,RADL3,0.0,0
2024-10-01,BIIB34,9.463696934231927e-17,0
2024-10-01,PETR3,0.0022758086114995127,0
2024-10-01,KHCB34,0.0,0
2024-10-01,SAPR11,0.021821010463493103,0
2024-10-01,SAPR4,0.07781897921005376,0
2024-10-01,BONY34,0.09403313603373548,0
2024-10-01,PFRM3,0.07042838307135463,0
2024-10-01,AFLT3,8.465521514882522e-17,0
2024-10-01,MRSA6B,0.0999253956168999,0
2024-10-01,KMBB34,0.09673892071505855,0
2024-10-01,SBSP3,0.09125290871207348,0
2024-10-01,EQTL3,1.351942446812395e-16,0
2024-11-01,JOPA3,0.0,1
2024-11-01,BPAN4,0.004354000076369289,1
2024-11-01,SAPR4,0.09225324099205826,1
2024-11-01,SAPR11,0.09110720994353276,1
2024-11-01,BNBR3,0.0739182959015817,1
2024-11-01,RCSL3,0.0,1
2024-11-01,SAPR3,0.00309503362558065,1
2024-11-01,WUNI34,0.09847441181073249,1
2024-11-01,TUPY3,0.0,1
2024-11-01,GILD34,0.09591159034468304,1
2024-11-01,COTY34,1.1256962788794155e-17,1
2024-11-01,PTNT3,9.429548762097104e-18,1
2024-11-01,CLSC4,0.0954796993047325,1
2024-11-01,GOAU3,0.0,1
2024-11-01,BGIP4,0.018874605686546326,1
2024-11-01,MDTC34,0.0953505902271736,1
2024-11-01,PLAS3,4.607190871128452e-17,1
2024-11-01,GRND3,4.1789250572962676e-17,1
2024-11-01,NORD3,5.3616894393621605e-17,1
2024-11-01,ENGI4,5.686623189329731e-17,1
2024-11-01,LIGT3,1.1096777471653618e-16,1
2024-11-01,ENGI11,9.439063848961008e-17,1
2024-11-01,TIMS3,0.007103996158824698,1
2024-11-01,ALUP11,0.04610368229726062,1
2024-11-01,HSHY34,0.09827921669556922,1
2024-11-01,BALM4,0.04486619442002931,1
2024-11-01,BMIN4,0.008116823802881085,1
2024-11-01,CSMG3,0.09390201489702485,1
2024-11-01,BBAS3,1.3445570055887741e-16,1
2024-11-01,EUCA4,0.03280939381541909,1
2024-12-02,BMIN4,0.020896185038987523,0
2024-12-02,BOBR4,0.010820552481355156,0
2024-12-02,BBDC3,7.870734400297603e-17,0
2024-12-02,ENEV3,1.493630439773941e-16,0
2024-12-02,PCAR3,3.2506114840207275e-17,0
2024-12-02,FRAS3,0.0964434180897159,0
2024-12-02,TELB3,0.0,0
2024-12-02,BBDC4,2.7505012266127613e-17,0
2024-12-02,SANB11,1.1175353940113656e-16,0
2024-12-02,DXCO3,0.0,0
2024-12-02,AXIA3,1.7553084879719046e-17,0
2024-12-02,SANB4,5.105230796896198e-17,0
2024-12-02,FIND11,1.0061942825309663e-16,0
2024-12-02,MDTC34,0.09774837113829973,0
2024-12-02,FLRY3,9.649047105386901e-17,0
2024-12-02,EGIE3,3.607946938678487e-17,0
2024-12-02,ROMI3,3.0824405839131487e-16,0
2024-12-02,BLAK34,0.09811703073679043,0
2024-12-02,SANB3,5.014974666732539e-17,0
2024-12-02,CSCO34,0.09758763131242226,0
2024-12-02,BIIB34,1.3803144541808613e-16,0
2024-12-02,SPXI11,0.09715010134340649,0
2024-12-02,EUCA4,3.206578050479859e-17,0
2024-12-02,ITSA4,0.08903473759801896,0
2024-12-02,IVVB11,0.09682396497470361,0
2024-12-02,PNVL3,3.3749734720239014e-17,0
2024-12-02,BRSR3,2.1560399178289683e-17,0
2024-12-02,HPQB34,0.09928148154127517,0
2024-12-02,BBYY34,0.09805976600105092,0
2024-12-02,GILD34,0.09803675974397265,0
2025-01-02,SEER3,0.0,1
2025-01-02,CSMG3,0.04655655725272262,1
2025-01-02,MAPT3,0.0,1
2025-01-02,BRSR5,0.0,1
2025-01-02,JHSF3,0.0,1
2025-01-02,BMIN3,0.0,1
2025-01-02,MULT3,0.0,1
2025-01-02,FDXB34,0.0995261700970017,1
2025-01-02,HOME34,0.09719060510154698,1
2025-01-02,BPAC5,0.0,1
2025-01-02,EZTC3,0.0,1
2025-01-02,CHVX34,0.04477452850532562,1
2025-01-02,PATI3,0.0,1
2025-01-02,SBUB34,0.030247611147869696,1
2025-01-02,EXXO34,0.09924902596332191,1
2025-01-02,VERZ34,0.09555541261452405,1
2025-01-02,METB34,0.09953463658559947,1
2025-01-02,GGBR3,0.0,1
2025-01-02,DXCO3,0.0,1
2025-01-02,SLBG34,0.0,1
2025-01-02,VLOE34,0.015335858913281498,1
2025-01-02,EALT4,0.09609357940562069,1
2025-01-02,SBSP3,0.05152902181843386,1
2025-01-02,PSSA3,0.09612089793370802,1
2025-01-02,TGMA3,0.030186494997821976,1
2025-01-02,TXRX4,0.0,1
2025-01-02,BPAC11,0.0,1
2025-01-02,REDE3,1.389168451127671e-05,1
2025-01-02,FDMO34,1.0687460492772436e-15,1
2025-01-02,ENMT3,0.09808570797870954,1
2025-02-03,MAPT4,3.7850666243766555e-17,1
2025-02-03,CEDO3,4.346099724870791e-16,1
2025-02-03,PEAB4,0.0053616837553547,1
2025-02-03,FDXB34,0.043902312853986235,1
2025-02-03,COPH34,0.0,1
2025-02-03,MERC4,0.0,1
2025-02-03,CHVX34,0.0,1
2025-02-03,NORD3,0.0,1
2025-02-03,CGAS3,0.0,1
2025-02-03,ARNC34,0.09284153386132289,1
2025-02-03,CLSC3,0.09005031369959385,1
2025-02-03,WUNI34,0.0,1
2025-02-03,AALL34,0.0,1
2025-02-03,HPQB34,0.016192637626504518,1
2025-02-03,WFCO34,0.03466837852095736,1
2025-02-03,HONB34,0.061254931959778276,1
2025-02-03,MRCK34,0.0,1
2025-02-03,JPMC34,0.0929837553193415,1
2025-02-03,CTGP34,0.052788586098409127,1
2025-02-03,BBSE3,0.0933151376726279,1
2025-02-03,ACNB34,0.038140586505918166,1
2025-02-03,TRVC34,0.09841084808734685,1
2025-02-03,GPSI34,0.0,1
2025-02-03,RYTT34,0.09755746593395215,1
2025-02-03,CGRA3,0.021809991558181765,1
2025-02-03,FMXB34,0.0,1
2025-02-03,HETA4,0.0,1
2025-02-03,BALM3,0.06282479348066511,1
2025-02-03,MRSA3B,0.0978970430660592,1
2025-02-03,MCDC34,0.0,1
2025-03-05,PATI3,0.0,1
2025-03-05,MAPT4,9.498434742781507e-17,1
2025-03-05,CGAS3,0.02372165423860677,1
2025-03-05,TXRX4,0.0,1
2025-03-05,SUZB3,8.798931888969697e-17,1
2025-03-05,XRXB34,0.0,1
2025-03-05,TGTB34,2.643118209096279e-16,1
2025-03-05,METB34,0.09680108783801497,1
2025-03-05,KLBN3,0.0,1
2025-03-05,KLBN11,0.0,1
2025-03-05,PSSA3,0.09961672109792986,1
2025-03-05,HALI34,0.0,1
2025-03-05,VLOE34,0.0,1
2025-03-05,GOGL34,0.08154197707221812,1
2025-03-05,CTSH34,0.043010360523738946,1
2025-03-05,MOSC34,0.0,1
2025-03-05,ACNB34,0.030936049589524256,1
2025-03-05,AGRO3,0.0,1
2025-03-05,EALT4,0.06521969982934925,1
2025-03-05,USBC34,0.09664362547166519,1
2025-03-05,HETA4,0.0,1
2025-03-05,IBMB34,0.09870861535132185,1
2025-03-05,GPSI34,0.0,1
2025-03-05,CLSC3,0.09704866153353599,1
2025-03-05,GOGL35,0.09393425963219958,1
2025-03-05,GDBR34,0.07379037536403978,1
2025-03-05,MYPK3,0.0,1
2025-03-05,RIGG34,0.0,1
2025-03-05,RYTT34,0.0990269124578548,1
2025-03-05,EPAR3,0.0,1
2025-04-01,PDGR3,0.0,0
2025-04-01,ETER3,0.0,0
2025-04-01,HPQB34,2.615355327232291e-17,0
2025-04-01,SBUB34,0.09323818871672596,0
2025-04-01,NIKE34,0.0,0
2025-04-01,CTSH34,1.4814401620695294e-16,0
2025-04-01,EUCA3,0.0,0
2025-04-01,TXRX3,0.015366736106046743,0
2025-04-01,SUZB3,0.0,0
2025-04-01,SNSY3,0.03714340032204597,0
2025-04-01,UPAC34,0.0,0
2025-04-01,DTCY3,0.0,0
2025-04-01,GILD34,0.0971028250058094,0
2025-04-01,BBYY34,2.7618374653158527e-17,0
2025-04-01,BMIN3,0.0,0
2025-04-01,BDLL3,0.0,0
2025-04-01,KLBN11,7.5125469674352e-18,0
2025-04-01,KMBB34,0.09761856946441524,0
2025-04-01,LILY34,0.09479974930540747,0
2025-04-01,TOTS3,0.07134966625257949,0
2025-04-01,TGMA3,0.09411342708219365,0
2025-04-01,COCE3,3.4983572452345857e-17,0
2025-04-01,TEXA34,0.09243966392989311,0
2025-04-01,ENMT4,0.09599784717528544,0
2025-04-01,CMIG3,0.09570927794463883,0
2025-04-01,CMIG4,0.017447118119043984,0
2025-04-01,MTSA3,1.1999889293972066e-16,0
2025-04-01,SPXI11,0.09626867622547326,0
2025-04-01,EMAE4,5.989544670580526e-17,0
2025-04-01,UPSS34,0.0014048543504410784,0
2025-05-02,PETR3,0.0,0
2025-05-02,PETR4,2.347323506639376e-17,0
2025-05-02,BMYB34,0.07518864282477748,0
2025-05-02,BMIN3,2.246219875644399e-17,0
2025-05-02,CTKA3,0.09628959037704947,0
2025-05-02,PTNT3,3.197729071378397e-17,0
2025-05-02,CHVX34,2.1268616941464142e-17,0
2025-05-02,FMXB34,1.0462181370078503e-17,0
2025-05-02,CGAS3,0.0002681078817539573,0
2025-05-02,ITLC34,0.0,0
2025-05-02,PTNT4,0.0,0
2025-05-02,AMGN34,0.05931423536419276,0
2025-05-02,AIGB34,0.09587625265924643,0
2025-05-02,MDTC34,0.024459676050083225,0
2025-05-02,WUNI34,2.535861233243806e-17,0
2025-05-02,BMEB3,0.05473228181224936,0
2025-05-02,MRSA6B,0.02141122542015524,0
2025-05-02,MRSA5B,0.07411641714174921,0
2025-05-02,CVSH34,0.0,0
2025-05-02,ABBV34,0.09456795041587164,0
2025-05-02,BOXP34,0.02236857019575497,0
2025-05-02,PHMO34,0.0970813280517745,0
2025-05-02,CGAS5,0.09679040828618711,0
2025-05-02,MMMC34,0.09390671335819802,0
2025-05-02,EMAE4,1.2507998945332218e-16,0
2025-05-02,TMOS34,0.0,0
2025-05-02,SNSY3,2.069897088986673e-18,0
2025-05-02,BRGE11,0.0,0
2025-05-02,FRAS3,0.09362860016095642,0
2025-05-02,DOHL4,0.0,0
2025-06-02,EKTR3,0.09979771293348658,1
2025-06-02,BEEF3,0.0,1
2025-06-02,SOND5,0.0,1
2025-06-02,TUPY3,0.0,1
2025-06-02,FRAS3,0.09333328519748396,1
2025-06-02,AXIA3,0.0,1
2025-06-02,BDLL4,1.5958024491375076e-16,1
2025-06-02,COCE3,0.0,1
2025-06-02,BBAS3,0.0,1
2025-06-02,FIND11,0.0,1
2025-06-02,DTCY3,0.0,1
2025-06-02,BAZA3,0.0,1
2025-06-02,TOTS3,0.09102485621761296,1
2025-06-02,ITSA4,0.0,1
2025-06-02,MRSA5B,1.3681886216457743e-16,1
2025-06-02,ITSA3,0.01483658321314995,1
2025-06-02,PHMO34,0.09387391869763373,1
2025-06-02,ITUB4,0.04464641343490481,1
2025-06-02,BGIP4,0.09869772867877832,1
2025-06-02,BBSE3,0.0935527896923802,1
2025-06-02,PNVL3,0.0,1
2025-06-02,ITUB3,0.09026220121320128,1
2025-06-02,SBSP3,0.08932732561971882,1
2025-06-02,ECOO11,0.0,1
2025-06-02,ABEV3,0.08077636482185616,1
2025-06-02,NUTR3,0.0,1
2025-06-02,CYRE3,0.0,1
2025-06-02,NFLX34,0.0961719836091193,1
2025-06-02,BRSR3,0.013698836670673648,1
2025-06-02,ENGI11,0.0,1
2025-07-01,TASA4,0.0,1
2025-07-01,BGIP3,0.0998671906068618,1
2025-07-01,BNBR3,2.0285431966706872e-16,1
2025-07-01,EKTR4,0.07802311036649287,1
2025-07-01,PLAS3,7.287753855527775e-17,1
2025-07-01,KMBB34,0.0,1
2025-07-01,LEVE3,4.661835755678565e-17,1
2025-07-01,BALM3,0.09418539745171073,1
2025-07-01,CRPG6,5.918127675420435e-17,1
2025-07-01,WLMM4,2.61866252893833e-17,1
2025-07-01,PEAB4,4.302026673530508e-17,1
2025-07-01,CBEE3,5.3029212775098486e-17,1
2025-07-01,TGMA3,0.09117763536500394,1
2025-07-01,MCDC34,0.020177251819913734,1
2025-07-01,MWET4,1.4996427256445417e-16,1
2025-07-01,WLMM3,2.4212585497232288e-17,1
2025-07-01,CTKA3,0.0875684314041456,1
2025-07-01,CRPG5,0.0,1
2025-07-01,BRSR5,1.3793676423935756e-16,1
2025-07-01,BERK34,0.083012365880629,1
2025-07-01,PHMO34,0.09600527515384577,1
2025-07-01,BGIP4,0.09609898057817155,1
2025-07-01,FMXB34,2.3299381355738676e-16,1
2025-07-01,ABEV3,0.07105841460944749,1
2025-07-01,TASA3,0.0,1
2025-07-01,HONB34,1.3242107575156605e-16,1
2025-07-01,UNIP6,0.009086589353651848,1
2025-07-01,UNIP3,0.0016284135515918757,1
2025-07-01,EBAY34,0.07421028578397788,1
2025-07-01,NFLX34,0.09790065807455486,1
2025-08-01,AMER3,5.301240362791424e-15,0
2025-08-01,NORD3,2.0352841893718907e-15,0
2025-08-01,VULC3,6.180500078206785e-15,0
2025-08-01,VLID3,0.06544833045123724,0
2025-08-01,NFLX34,0.09720326092261351,0
2025-08-01,OFSA3,0.0685895376286883,0
2025-08-01,COCE3,6.492050866441963e-16,0
2025-08-01,LREN3,0.08912322823198017,0
2025-08-01,B3SA3,2.525250854168323e-15,0
2025-08-01,SBSP3,0.04173791172108828,0
2025-08-01,SAPR4,0.09428389278413511,0
2025-08-01,VIVT3,0.09740636039849056,0
2025-08-01,RAPT3,2.4407467064638287e-15,0
2025-08-01,TECN3,1.3568021329060374e-15,0
2025-08-01,BBDC3,1.5897131701403385e-15,0
2025-08-01,TELB4,1.7104491698136748e-15,0
2025-08-01,BPAC11,3.6974547859904725e-15,0
2025-08-01,SAPR11,0.0943936529177023,0
2025-08-01,FIND11,2.0327057906108704e-15,0
2025-08-01,CSMG3,0.05154672827067897,0
2025-08-01,ECOO11,1.9462695363128693e-15,0
2025-08-01,BBDC4,0.016201980408573697,0
2025-08-01,HYPE3,2.185623467913183e-15,0
2025-08-01,ISUS11,2.20537271261844e-15,0
2025-08-01,FRAS3,0.09451944503219563,0
2025-08-01,TIMS3,0.09575307642138017,0
2025-08-01,EVEN3,3.0114576251927785e-15,0
2025-08-01,FMXB34,9.573899854443702e-16,0
2025-08-01,MULT3,2.6697684311342616e-15,0
2025-08-01,PFRM3,0.0937925948111938,0
2025-09-01,BRKM6,2.1439039870048665e-16,1
2025-09-01,DOHL4,0.0,1
2025-09-01,HONB34,0.0,1
2025-09-01,MSFT34,0.09742778215433325,1
2025-09-01,PRIO3,0.0,1
2025-09-01,ARNC34,0.09325596022237938,1
2025-09-01,AMGN34,8.542301771830504e-18,1
2025-09-01,BRGE11,0.007963519833293959,1
2025-09-01,BTTL4,0.027956120756095222,1
2025-09-01,ABEV3,0.010073295308604917,1
2025-09-01,CZLT33,0.04618571958727488,1
2025-09-01,HETA4,0.0,1
2025-09-01,VIVT3,0.09773561267254524,1
2025-09-01,SNSY3,0.0,1
2025-09-01,FLRY3,0.0,1
2025-09-01,BRGE6,0.020838353996190374,1
2025-09-01,ORCL34,0.0990956424263256,1
2025-09-01,COCE5,0.0,1
2025-09-01,CLSC3,0.09760029713913428,1
2025-09-01,CREM3,0.06110462317818282,1
2025-09-01,BRPR3,0.003553698117225209,1
2025-09-01,FBMC4,0.014155737175909403,1
2025-09-01,SLED3,0.007896178969860211,1
2025-09-01,FMXB34,0.0,1
2025-09-01,EQPA5,0.0,1
2025-09-01,RPAD6,0.0,1
2025-09-01,BRGE5,0.015962776497630497,1
2025-09-01,ECPR3,0.09920902566895592,1
2025-09-01,FBMC3,0.0999985388917411,1
2025-09-01,MTIG3,0.09998711740431762,1
2025-10-01,NIKE34,5.3865246634211937e-17,1
2025-10-01,VULC3,0.04830364016553238,1
2025-10-01,SUZB3,0.0,1
2025-10-01,FLRY3,0.0,1
2025-10-01,MSCD34,2.67488380390939e-17,1
2025-10-01,MILS3,0.0,1
2025-10-01,EBAY34,0.09503295582857878,1
2025-10-01,BBDC4,0.012590312034919868,1
2025-10-01,PEAB3,7.111558523647092e-17,1
2025-10-01,COCA34,2.6389161245439326e-17,1
2025-10-01,AALL34,0.0,1
2025-10-01,MDIA3,1.7777661091995165e-17,1
2025-10-01,DUKB34,0.09998060860493357,1
2025-10-01,EKTR4,0.028989937233786057,1
2025-10-01,WHRL3,0.06229959590858918,1
2025-10-01,CTSH34,7.149495221112057e-17,1
2025-10-01,ROST34,0.0,1
2025-10-01,AMZO34,0.0006797042107947435,1
2025-10-01,OFSA3,0.014776478861410447,1
2025-10-01,SOND5,0.09920419721079542,1
2025-10-01,BPAC11,0.08578158518802283,1
2025-10-01,TRVC34,0.0780382373221877,1
2025-10-01,GEOO34,0.09276534365369414,1
2025-10-01,ODPV3,0.09292773719703291,1
2025-10-01,ATTB34,0.09813364282882353,1
2025-10-01,MULT3,0.0,1
2025-10-01,BBDC3,0.0,1
2025-10-01,ITUB3,0.09049602375089798,1
2025-10-01,SLCE3,6.06822766328851e-17,1
2025-10-01,GPSI34,9.301064813575268e-17,1
2025-11-03,TELB4,0.0,0
2025-11-03,BALM3,0.09499134866450021,0
2025-11-03,AMER3,0.0,0
2025-11-03,FLRY3,0.0,0
2025-11-03,BGIP3,0.0959439704394678,0
2025-11-03,BBDC4,0.0,0
2025-11-03,MGLU3,0.0,0
2025-11-03,MOSC34,0.0,0
2025-11-03,TOTS3,0.07341350485196962,0
2025-11-03,COCE3,0.08993027186594338,0
2025-11-03,PETR3,0.0,0
2025-11-03,BBDC3,0.0,0
2025-11-03,CSMG3,0.09549695022930982,0
2025-11-03,EQMA3B,0.09640324837743137,0
2025-11-03,EVEN3,0.0,0
2025-11-03,UNIP3,0.08247529613739436,0
2025-11-03,TIMS3,0.09548855333292926,0
2025-11-03,SAPR11,0.02930302159013976,0
2025-11-03,VLOE34,0.06031368098171463,0
2025-11-03,CATP34,0.09861119237889561,0
2025-11-03,UBSG34,0.036495322809536546,0
2025-11-03,TEND3,0.018689311223515588,0
2025-11-03,HSHY34,0.0,0
2025-11-03,PCAR3,0.0,0
2025-11-03,AFLT3,0.0,0
2025-11-03,SAPR4,0.002714685164092964,0
2025-11-03,PETR4,0.0,0
2025-11-03,PTBL3,0.0,0
2025-11-03,EKTR4,0.0,0
2025-11-03,PATI3,0.029729641953159084,0
2025-12-01,QCOM34,3.846128702200129e-17,1
2025-12-01,HONB34,0.0,1
2025-12-01,SNSY3,2.51851077651175e-17,1
2025-12-01,MSFT34,0.01574408218969363,1
2025-12-01,WUNI34,2.11768422638086e-17,1
2025-12-01,QUAL3,0.0,1
2025-12-01,PATI4,0.05572556801489528,1
2025-12-01,UNIP3,1.1804582548366566e-16,1
2025-12-01,BSLI3,0.0,1
2025-12-01,UNIP6,0.0,1
2025-12-01,PINE3,0.09133612472067698,1
2025-12-01,FMXB34,0.0353752622644095,1
2025-12-01,AXIA6,0.08913478508752191,1
2025-12-01,AXIA3,0.04629493727050939,1
2025-12-01,BOEI34,0.002381761996924005,1
2025-12-01,UNIP5,0.03700906847221728,1
2025-12-01,TIMS3,0.09534261474839657,1
2025-12-01,PINE4,0.0998896869143518,1
2025-12-01,IBMB34,0.09618062528761892,1
2025-12-01,BBDC3,0.015508267321037552,1
2025-12-01,BBYY34,8.397143178922269e-17,1
2025-12-01,BBDC4,0.023652943687556372,1
2025-12-01,GEOO34,0.09406135178382118,1
2025-12-01,DISB34,0.0,1
2025-12-01,AAPL34,0.010391033247206674,1
2025-12-01,RYTT34,0.0991263212896066,1
2025-12-01,BLAK34,0.0,1
2025-12-01,COCE5,0.06717994668393192,1
2025-12-01,ODPV3,0.009341306016527225,1
2025-12-01,SBSP3,0.016324313003096846,1
